Postcode, Gewest, Gemeente, Bruto inkomen, NAMN
2630,Vlaanderen,Aartselaar,23250,Aartselaar
2000,Vlaanderen,Antwerpen,15615,Antwerpen
2530,Vlaanderen,Boechout,21490,Boechout
2850,Vlaanderen,Boom,16918,Boom
2150,Vlaanderen,Borsbeek,18745,Borsbeek
2930,Vlaanderen,Brasschaat,21714,Brasschaat
2960,Vlaanderen,Brecht,19913,Brecht
2650,Vlaanderen,Edegem,22345,Edegem
2910,Vlaanderen,Essen,17825,Essen
2620,Vlaanderen,Hemiksem,18324,Hemiksem
2540,Vlaanderen,Hove,24754,Hove
2920,Vlaanderen,Kalmthout,19910,Kalmthout
2950,Vlaanderen,Kapellen,21963,Kapellen
2550,Vlaanderen,Kontich,22063,Kontich
2547,Vlaanderen,Lint,21487,Lint
2640,Vlaanderen,Mortsel,20337,Mortsel
2845,Vlaanderen,Niel,17966,Niel
2520,Vlaanderen,Ranst,20732,Ranst
2840,Vlaanderen,Rumst,20451,Rumst
2627,Vlaanderen,Schelle,20122,Schelle
2970,Vlaanderen,Schilde,23902,Schilde
2900,Vlaanderen,Schoten,20626,Schoten
2940,Vlaanderen,Stabroek,20498,Stabroek
2110,Vlaanderen,Wijnegem,20222,Wijnegem
2160,Vlaanderen,Wommelgem,19885,Wommelgem
2990,Vlaanderen,Wuustwezel,18240,Wuustwezel
2240,Vlaanderen,Zandhoven,20298,Zandhoven
2980,Vlaanderen,Zoersel,22005,Zoersel
2070,Vlaanderen,Zwijndrecht,19964,Zwijndrecht
2390,Vlaanderen,Malle,19334,Malle
2590,Vlaanderen,Berlaar,19029,Berlaar
2820,Vlaanderen,Bonheiden,23823,Bonheiden
2880,Vlaanderen,Bornem,20514,Bornem
2570,Vlaanderen,Duffel,20007,Duffel
2220,Vlaanderen,Heist-op-den-Berg,19008,Heist-op-den-Berg
2500,Vlaanderen,Lier,19438,Lier
2800,Vlaanderen,Mechelen,18633,Mechelen
2560,Vlaanderen,Nijlen,19069,Nijlen
2580,Vlaanderen,Putte,19524,Putte
2870,Vlaanderen,Puurs,20656,Puurs
2890,Vlaanderen,Sint-Amands,19530,Sint-Amands
2860,Vlaanderen,Sint-Katelijne-Waver,20463,Sint-Katelijne-Waver
2830,Vlaanderen,Willebroek,18073,Willebroek
2370,Vlaanderen,Arendonk,17353,Arendonk
2387,Vlaanderen,Baarle-Hertog,15359,Baarle-Hertog
2490,Vlaanderen,Balen,18285,Balen
2340,Vlaanderen,Beerse,19510,Beerse
2480,Vlaanderen,Dessel,18107,Dessel
2440,Vlaanderen,Geel,19349,Geel
2280,Vlaanderen,Grobbendonk,19897,Grobbendonk
2200,Vlaanderen,Herentals,18968,Herentals
2270,Vlaanderen,Herenthout,18432,Herenthout
2230,Vlaanderen,Herselt,18726,Herselt
2320,Vlaanderen,Hoogstraten,17453,Hoogstraten
2235,Vlaanderen,Hulshout,18777,Hulshout
2460,Vlaanderen,Kasterlee,19609,Kasterlee
2275,Vlaanderen,Lille,18758,Lille
2450,Vlaanderen,Meerhout,18342,Meerhout
2330,Vlaanderen,Merksplas,17815,Merksplas
2400,Vlaanderen,Mol,18855,Mol
2250,Vlaanderen,Olen,18948,Olen
2360,Vlaanderen,Oud-Turnhout,19984,Oud-Turnhout
2380,Vlaanderen,Ravels,16980,Ravels
2470,Vlaanderen,Retie,18202,Retie
2310,Vlaanderen,Rijkevorsel,17349,Rijkevorsel
2300,Vlaanderen,Turnhout,17628,Turnhout
2290,Vlaanderen,Vorselaar,18775,Vorselaar
2350,Vlaanderen,Vosselaar,21382,Vosselaar
2260,Vlaanderen,Westerlo,19359,Westerlo
2430,Vlaanderen,Laakdal,18573,Laakdal
1730,Vlaanderen,Asse,19778,Asse
1650,Vlaanderen,Beersel,20962,Beersel
1547,Vlaanderen,Bever,19166,Bever#Bi�v�ne
1700,Vlaanderen,Dilbeek,21300,Dilbeek
1570,Vlaanderen,Galmaarden,21081,Galmaarden
1755,Vlaanderen,Gooik,21746,Gooik
1850,Vlaanderen,Grimbergen,21123,Grimbergen
1500,Vlaanderen,Halle,19113,Halle
1540,Vlaanderen,Herne,20964,Herne
1560,Vlaanderen,Hoeilaart,21782,Hoeilaart
1910,Vlaanderen,Kampenhout,22667,Kampenhout
1880,Vlaanderen,Kapelle-op-den-Bos,21148,Kapelle-op-den-Bos
1770,Vlaanderen,Liedekerke,18786,Liedekerke
1840,Vlaanderen,Londerzeel,21164,Londerzeel
1830,Vlaanderen,Machelen,16316,Machelen
1860,Vlaanderen,Meise,22892,Meise
1785,Vlaanderen,Merchtem,21303,Merchtem
1745,Vlaanderen,Opwijk,20964,Opwijk
3090,Vlaanderen,Overijse,22667,Overijse
1670,Vlaanderen,Pepingen,21200,Pepingen
1600,Vlaanderen,Sint-Pieters-Leeuw,18011,Sint-Pieters-Leeuw
1820,Vlaanderen,Steenokkerzeel,21591,Steenokkerzeel
1740,Vlaanderen,Ternat,21478,Ternat
1800,Vlaanderen,Vilvoorde,17286,Vilvoorde
1930,Vlaanderen,Zaventem,18492,Zaventem
1980,Vlaanderen,Zemst,23289,Zemst
1760,Vlaanderen,Roosdaal,20700,Roosdaal
1620,Vlaanderen,Drogenbos,16571,Drogenbos
1950,Vlaanderen,Kraainem,20522,Kraainem
1630,Vlaanderen,Linkebeek,20634,Linkebeek
1640,Vlaanderen,Sint-Genesius-Rode,24641,Sint-Genesius-Rode#Rhode-Saint-Gen�se
1780,Vlaanderen,Wemmel,21005,Wemmel
1970,Vlaanderen,Wezembeek-Oppem,21661,Wezembeek-Oppem
1750,Vlaanderen,Lennik,22294,Lennik
1790,Vlaanderen,Affligem,20811,Affligem
3200,Vlaanderen,Aarschot,20099,Aarschot
3130,Vlaanderen,Begijnendijk,20703,Begijnendijk
3460,Vlaanderen,Bekkevoort,19390,Bekkevoort
3060,Vlaanderen,Bertem,22761,Bertem
3360,Vlaanderen,Bierbeek,23828,Bierbeek
3190,Vlaanderen,Boortmeerbeek,22674,Boortmeerbeek
3370,Vlaanderen,Boutersem,21750,Boutersem
3290,Vlaanderen,Diest,19471,Diest
3450,Vlaanderen,Geetbets,18349,Geetbets
3150,Vlaanderen,Haacht,21677,Haacht
3020,Vlaanderen,Herent,23420,Herent
3320,Vlaanderen,Hoegaarden,21489,Hoegaarden
3220,Vlaanderen,Holsbeek,22183,Holsbeek
3040,Vlaanderen,Huldenberg,22710,Huldenberg
3140,Vlaanderen,Keerbergen,25779,Keerbergen
3470,Vlaanderen,Kortenaken,18893,Kortenaken
3070,Vlaanderen,Kortenberg,22077,Kortenberg
3400,Vlaanderen,Landen,19636,Landen
3000,Vlaanderen,Leuven,20261,Leuven
3210,Vlaanderen,Lubbeek,24066,Lubbeek
3050,Vlaanderen,Oud-Heverlee,24997,Oud-Heverlee
3110,Vlaanderen,Rotselaar,22103,Rotselaar
3080,Vlaanderen,Tervuren,21248,Tervuren
3300,Vlaanderen,Tienen,19215,Tienen
3120,Vlaanderen,Tremelo,20820,Tremelo
3440,Vlaanderen,Zoutleeuw,19176,Zoutleeuw
3350,Vlaanderen,Linter,19605,Linter
3270,Vlaanderen,Scherpenheuvel-Zichem,19298,Scherpenheuvel-Zichem
3390,Vlaanderen,Tielt-Winge,20509,Tielt-Winge
3380,Vlaanderen,Glabbeek,20126,Glabbeek
8730,Vlaanderen,Beernem,18838,Beernem
8370,Vlaanderen,Blankenberge,17805,Blankenberge
8000,Vlaanderen,Brugge,19727,Brugge
8340,Vlaanderen,Damme,19405,Damme
8490,Vlaanderen,Jabbeke,20806,Jabbeke
8020,Vlaanderen,Oostkamp,19482,Oostkamp
8820,Vlaanderen,Torhout,18435,Torhout
8210,Vlaanderen,Zedelgem,18994,Zedelgem
8377,Vlaanderen,Zuienkerke,19500,Zuienkerke
8300,Vlaanderen,Knokke-Heist,24542,Knokke-Heist
8600,Vlaanderen,Diksmuide,16914,Diksmuide
8650,Vlaanderen,Houthulst,16284,Houthulst
8680,Vlaanderen,Koekelare,16843,Koekelare
8610,Vlaanderen,Kortemark,16963,Kortemark
8647,Vlaanderen,Lo-Reninge,16238,Lo-Reninge
8900,Vlaanderen,Ieper,17896,Ieper
8957,Vlaanderen,Mesen,13549,Mesen#Messines
8970,Vlaanderen,Poperinge,16239,Poperinge
8940,Vlaanderen,Wervik,16446,Wervik
8980,Vlaanderen,Zonnebeke,17076,Zonnebeke
8950,Vlaanderen,Heuvelland,15831,Heuvelland
8920,Vlaanderen,Langemark-Poelkapelle,16429,Langemark-Poelkapelle
8640,Vlaanderen,Vleteren,15494,Vleteren
8570,Vlaanderen,Anzegem,18906,Anzegem
8580,Vlaanderen,Avelgem,18062,Avelgem
8540,Vlaanderen,Deerlijk,18362,Deerlijk
8530,Vlaanderen,Harelbeke,18208,Harelbeke
8500,Vlaanderen,Kortrijk,18869,Kortrijk
8520,Vlaanderen,Kuurne,17634,Kuurne
8860,Vlaanderen,Lendelede,18559,Lendelede
8930,Vlaanderen,Menen,16397,Menen
8790,Vlaanderen,Waregem,18875,Waregem
8560,Vlaanderen,Wevelgem,18234,Wevelgem
8550,Vlaanderen,Zwevegem,18856,Zwevegem
8587,Vlaanderen,Spiere-Helkijn,16992,Spiere-Helkijn#Espierres-Helchin
8450,Vlaanderen,Bredene,18512,Bredene
8470,Vlaanderen,Gistel,18438,Gistel
8480,Vlaanderen,Ichtegem,17055,Ichtegem
8430,Vlaanderen,Middelkerke,17911,Middelkerke
8400,Vlaanderen,Oostende,17768,Oostende
8460,Vlaanderen,Oudenburg,18207,Oudenburg
8420,Vlaanderen,De Haan,20207,De Haan
8830,Vlaanderen,Hooglede,17970,Hooglede
8770,Vlaanderen,Ingelmunster,17805,Ingelmunster
8870,Vlaanderen,Izegem,18123,Izegem
8880,Vlaanderen,Ledegem,17261,Ledegem
8810,Vlaanderen,Lichtervelde,17745,Lichtervelde
8890,Vlaanderen,Moorslede,17285,Moorslede
8800,Vlaanderen,Roeselare,18261,Roeselare
8840,Vlaanderen,Staden,16724,Staden
8720,Vlaanderen,Dentergem,17867,Dentergem
8760,Vlaanderen,Meulebeke,17190,Meulebeke
8780,Vlaanderen,Oostrozebeke,17453,Oostrozebeke
8740,Vlaanderen,Pittem,17143,Pittem
8755,Vlaanderen,Ruiselede,18024,Ruiselede
8700,Vlaanderen,Tielt,18143,Tielt
8710,Vlaanderen,Wielsbeke,17354,Wielsbeke
8750,Vlaanderen,Wingene,17424,Wingene
8850,Vlaanderen,Ardooie,17660,Ardooie
8690,Vlaanderen,Alveringem,15650,Alveringem
8660,Vlaanderen,De Panne,18415,De Panne
8670,Vlaanderen,Koksijde,24188,Koksijde
8620,Vlaanderen,Nieuwpoort,18880,Nieuwpoort
8630,Vlaanderen,Veurne,17742,Veurne
9300,Vlaanderen,Aalst,19212,Aalst
9470,Vlaanderen,Denderleeuw,18888,Denderleeuw
9500,Vlaanderen,Geraardsbergen,18500,Geraardsbergen
9450,Vlaanderen,Haaltert,20946,Haaltert
9550,Vlaanderen,Herzele,20092,Herzele
9340,Vlaanderen,Lede,19955,Lede
9400,Vlaanderen,Ninove,18963,Ninove
9520,Vlaanderen,Sint-Lievens-Houtem,19750,Sint-Lievens-Houtem
9620,Vlaanderen,Zottegem,20839,Zottegem
9420,Vlaanderen,Erpe-Mere,20982,Erpe-Mere
9290,Vlaanderen,Berlare,19324,Berlare
9255,Vlaanderen,Buggenhout,20356,Buggenhout
9200,Vlaanderen,Dendermonde,19085,Dendermonde
9220,Vlaanderen,Hamme,17872,Hamme
9270,Vlaanderen,Laarne,20916,Laarne
9280,Vlaanderen,Lebbeke,19353,Lebbeke
9250,Vlaanderen,Waasmunster,21284,Waasmunster
9230,Vlaanderen,Wetteren,19083,Wetteren
9260,Vlaanderen,Wichelen,19733,Wichelen
9240,Vlaanderen,Zele,17155,Zele
9960,Vlaanderen,Assenede,18849,Assenede
9900,Vlaanderen,Eeklo,17846,Eeklo
9970,Vlaanderen,Kaprijke,19491,Kaprijke
9990,Vlaanderen,Maldegem,18025,Maldegem
9980,Vlaanderen,Sint-Laureins,18061,Sint-Laureins
9060,Vlaanderen,Zelzate,17741,Zelzate
9880,Vlaanderen,Aalter,20159,Aalter
9800,Vlaanderen,Deinze,19630,Deinze
9840,Vlaanderen,De Pinte,24755,De Pinte
9070,Vlaanderen,Destelbergen,22182,Destelbergen
9940,Vlaanderen,Evergem,19658,Evergem
9890,Vlaanderen,Gavere,20892,Gavere
9000,Vlaanderen,Gent,18013,Gent
9910,Vlaanderen,Knesselare,18293,Knesselare
9080,Vlaanderen,Lochristi,20822,Lochristi
9920,Vlaanderen,Lovendegem,20918,Lovendegem
9090,Vlaanderen,Melle,20869,Melle
9820,Vlaanderen,Merelbeke,21769,Merelbeke
9180,Vlaanderen,Moerbeke,19208,Moerbeke
9810,Vlaanderen,Nazareth,20539,Nazareth
9850,Vlaanderen,Nevele,19810,Nevele
9860,Vlaanderen,Oosterzele,21074,Oosterzele
9830,Vlaanderen,Sint-Martens-Latem,27679,Sint-Martens-Latem
9950,Vlaanderen,Waarschoot,18600,Waarschoot
9185,Vlaanderen,Wachtebeke,19124,Wachtebeke
9930,Vlaanderen,Zomergem,19192,Zomergem
9870,Vlaanderen,Zulte,18723,Zulte
9770,Vlaanderen,Kruishoutem,20597,Kruishoutem
9700,Vlaanderen,Oudenaarde,19540,Oudenaarde
9600,Vlaanderen,Ronse,15078,Ronse#Renaix
9750,Vlaanderen,Zingem,19632,Zingem
9660,Vlaanderen,Brakel,19245,Brakel
9690,Vlaanderen,Kluisbergen,18835,Kluisbergen
9790,Vlaanderen,Wortegem-Petegem,20612,Wortegem-Petegem
9667,Vlaanderen,Horebeke,20511,Horebeke
9570,Vlaanderen,Lierde,19684,Lierde
9680,Vlaanderen,Maarkedal,19981,Maarkedal
9630,Vlaanderen,Zwalm,20545,Zwalm
9120,Vlaanderen,Beveren,20033,Beveren
9150,Vlaanderen,Kruibeke,19365,Kruibeke
9160,Vlaanderen,Lokeren,18214,Lokeren
9170,Vlaanderen,Sint-Gillis-Waas,19228,Sint-Gillis-Waas
9100,Vlaanderen,Sint-Niklaas,17853,Sint-Niklaas
9190,Vlaanderen,Stekene,18700,Stekene
9140,Vlaanderen,Temse,18575,Temse
3665,Vlaanderen,As,19051,As
3580,Vlaanderen,Beringen,16745,Beringen
3590,Vlaanderen,Diepenbeek,19450,Diepenbeek
3600,Vlaanderen,Genk,16485,Genk
3890,Vlaanderen,Gingelom,18979,Gingelom
3545,Vlaanderen,Halen,18444,Halen
3500,Vlaanderen,Hasselt,20035,Hasselt
3540,Vlaanderen,Herk-de-Stad,19235,Herk-de-Stad
3970,Vlaanderen,Leopoldsburg,17205,Leopoldsburg
3560,Vlaanderen,Lummen,19327,Lummen
3850,Vlaanderen,Nieuwerkerken,18311,Nieuwerkerken
3660,Vlaanderen,Opglabbeek,18001,Opglabbeek
3800,Vlaanderen,Sint-Truiden,18383,Sint-Truiden
3980,Vlaanderen,Tessenderlo,19019,Tessenderlo
3520,Vlaanderen,Zonhoven,18749,Zonhoven
3690,Vlaanderen,Zutendaal,19237,Zutendaal
3945,Vlaanderen,Ham,17937,Ham
3550,Vlaanderen,Heusden-Zolder,17043,Heusden-Zolder
3950,Vlaanderen,Bocholt,16584,Bocholt
3960,Vlaanderen,Bree,17618,Bree
3640,Vlaanderen,Kinrooi,16412,Kinrooi
3920,Vlaanderen,Lommel,17446,Lommel
3680,Vlaanderen,Maaseik,17590,Maaseik
3910,Vlaanderen,Neerpelt,18351,Neerpelt
3900,Vlaanderen,Overpelt,17215,Opglabbeek
3990,Vlaanderen,Peer,17516,Peer
3930,Vlaanderen,Hamont-Achel,15879,Hamont-Achel
3940,Vlaanderen,Hechtel-Eksel,17447,Hechtel-Eksel
3530,Vlaanderen,Houthalen-Helchteren,16477,Houthalen-Helchteren
3670,Vlaanderen,Meeuwen-Gruitrode,17586,Meeuwen-Gruitrode
3650,Vlaanderen,Dilsen-Stokkem,16689,Dilsen-Stokkem
3570,Vlaanderen,Alken,19523,Alken
3740,Vlaanderen,Bilzen,18227,Bilzen
3840,Vlaanderen,Borgloon,18150,Borgloon
3870,Vlaanderen,Heers,17555,Heers
3717,Vlaanderen,Herstappe,20600,Herstappe
3730,Vlaanderen,Hoeselt,18246,Hoeselt
3720,Vlaanderen,Kortessem,19325,Kortessem
3620,Vlaanderen,Lanaken,18501,Lanaken
3770,Vlaanderen,Riemst,17616,Riemst
3700,Vlaanderen,Tongeren,18324,Tongeren
3830,Vlaanderen,Wellen,18503,Wellen
3630,Vlaanderen,Maasmechelen,15911,Maasmechelen
3790,Vlaanderen,Voeren,16943,Voeren#Fourons
1320,Walloni�,Bevekom,20804,Beauvechain
1420,Walloni�,Eigenbrakel,20357,Braine-l'Alleud
1440,Walloni�,Kasteelbrakel,20427,Braine-le-Ch�teau
1325,Walloni�,Chaumont-Gistoux,22380,Chaumont-Gistoux
1490,Walloni�,Court-Saint-Etienne,19348,Court-Saint-�tienne
1470,Walloni�,Genepi�n,20495,Genappe
1390,Walloni�,Graven,21530,Grez-Doiceau
1315,Walloni�,Incourt,19870,Incourt
1460,Walloni�,Itter,19832,Ittre
1370,Walloni�,Geldenaken,18966,Jodoigne
1310,Walloni�,Terhulpen,22398,La Hulpe
1435,Walloni�,Mont-Saint-Guibert,20553,Mont-Saint-Guibert
1400,Walloni�,Nijvel,19898,Nivelles
1360,Walloni�,Perwijs,19730,Perwez
1330,Walloni�,Rixensart,21830,Rixensart
1480,Walloni�,Tubeke,16442,Tubize
1495,Walloni�,Villers-la-Ville,20041,Villers-la-Ville
1410,Walloni�,Waterloo,21217,Waterloo
1300,Walloni�,Waver,20154,Wavre
1450,Walloni�,Chastre,19945,Chastre
1357,Walloni�,H�l�cine,18859,H�l�cine
1380,Walloni�,Lasne,25040,Lasne
1350,Walloni�,Orp-Jauche,18937,Orp-Jauche
1340,Walloni�,Ottignies-Louvain-la-Neuve,18767,Ottignies-Louvain-la-Neuve
1367,Walloni�,Ramillies,19019,Ramillies
1430,Walloni�,Rebecq,17959,Rebecq
1457,Walloni�,Walhain,21252,Walhain
7800,Walloni�,Aat,17664,Ath
7970,Walloni�,Beloeil,15990,Beloeil
7320,Walloni�,Bernissart,15700,Bernissart
7940,Walloni�,Brugelette,16672,Brugelette
7950,Walloni�,Chi�vres,16958,Chi�vres
7890,Walloni�,Elzele,17829,Ellezelles
7880,Walloni�,Vloesberg,18011,Flobecq#Vloesberg
7910,Walloni�,Frasnes-lez-Anvaing,17360,Frasnes-lez-Anvaing
7160,Walloni�,Chapelle-lez-Herlaimont,15156,Chapelle-lez-Herlaimont
6000,Walloni�,Charleroi,13170,Charleroi
6200,Walloni�,Ch�telet,13524,Ch�telet
6180,Walloni�,Courcelles,15074,Courcelles
6240,Walloni�,Farciennes,11817,Farciennes
6220,Walloni�,Fleurus,15652,Fleurus
6140,Walloni�,Fontaine-l�Ev�que,15245,Fontaine-l'�v�que
6280,Walloni�,Gerpinnes,20409,Gerpinnes
7170,Walloni�,Manage,14634,Manage
6110,Walloni�,Montigny-le-Tilleul,20140,Montigny-le-Tilleul
6230,Walloni�,Pont-�-Celles,18501,Pont-�-Celles
7180,Walloni�,Seneffe,18858,Seneffe
6250,Walloni�,Aiseau-Presles,15447,Aiseau-Presles
6210,Walloni�,Les Bons Villers,19878,Les Bons Villers
7300,Walloni�,Boussu,13788,Boussu
7370,Walloni�,Dour,14571,Dour
7080,Walloni�,Frameries,15014,Frameries
7350,Walloni�,Hensies,14759,Hensies
7050,Walloni�,Jurbeke,19082,Jurbise
7870,Walloni�,Lens,17291,Lens
7000,Walloni�,Bergen,15724,Mons
7390,Walloni�,Quaregnon,13484,Quaregnon
7380,Walloni�,Qui�vrain,14489,Qui�vrain
7330,Walloni�,Saint-Ghislain,16683,Saint-Ghislain
7340,Walloni�,Colfontaine,13020,Colfontaine
7387,Walloni�,Honnelles,17685,Honnelles
7040,Walloni�,Qu�vy,18452,Qu�vy
7700,Walloni�,Moeskroen,14746,Mouscron#Moeskroen
7780,Walloni�,Komen-Waasten,14592,Comines-Warneton#Komen-Waasten
7090,Walloni�,�s Gravenbrakel,17858,Braine-le-Comte
7850,Walloni�,Edingen,18781,Enghien#Edingen
7100,Walloni�,La Louvi�re,14302,La Louvi�re
7860,Walloni�,Lessen,16191,Lessines
7070,Walloni�,Le Roeulx,17999,Le Roeulx
7830,Walloni�,Opzullik,19980,Silly
7060,Walloni�,Zinnik,16946,Soignies
7190,Walloni�,Ecaussinnes,17073,�caussinnes
6150,Walloni�,Anderlues,14950,Anderlues
6500,Walloni�,Beaumont,15987,Beaumont
7130,Walloni�,Binche,15593,Binche
6460,Walloni�,Chimay,14722,Chimay
6560,Walloni�,Erquelinnes,14435,Erquelinnes
6440,Walloni�,Froidchapelle,14892,Froidchapelle
6540,Walloni�,Lobbes,18151,Lobbes
6567,Walloni�,Merbes-le-Ch�teau,15607,Merbes-le-Ch�teau
6590,Walloni�,Momignies,13471,Momignies
6530,Walloni�,Thuin,18337,Thuin
7120,Walloni�,Estinnes,16892,Estinnes
6120,Walloni�,Ham-sur-Heure-Nalinnes,21002,Ham-sur-Heure-Nalinnes
7140,Walloni�,Morlanwelz,15343,Morlanwelz
6470,Walloni�,Sivry-Rance,15839,Sivry-Rance
7640,Walloni�,Antoing,15464,Antoing
7760,Walloni�,Celles,17154,Celles
7730,Walloni�,Estaimpuis,16986,Estaimpuis
7740,Walloni�,Pecq,16439,Pecq
7600,Walloni�,P�ruwelz,14885,P�ruwelz
7610,Walloni�,Rumes,16506,Rumes
7500,Walloni�,Doornik,16737,Tournai
7620,Walloni�,Brunehaut,15897,Brunehaut
7900,Walloni�,Leuze-en-Hainaut,16868,Leuze-en-Hainaut
7750,Walloni�,Mont-de-l�Enclus,17210,Mont-de-l'Enclus
4540,Walloni�,Amay,16417,Amay
4210,Walloni�,Burdinne,19545,Burdinne
4560,Walloni�,Clavier,18739,Clavier
4190,Walloni�,Ferri�res,18108,Ferri�res
4180,Walloni�,Hamoir,16643,Hamoir
4217,Walloni�,H�ron,18418,H�ron
4500,Walloni�,Hoei,16384,Huy
4570,Walloni�,Marchin,17984,Marchin
4577,Walloni�,Modave,19108,Modave
4550,Walloni�,Nandrin,22383,Nandrin
4590,Walloni�,Ouffet,17681,Ouffet
4537,Walloni�,Verlaine,19557,Verlaine
4530,Walloni�,Villers-Le-Bouillet,18932,Villers-le-Bouillet
4520,Walloni�,Wanze,18536,Wanze
4160,Walloni�,Anthisnes,20050,Anthisnes
4480,Walloni�,Engis,15280,Engis
4557,Walloni�,Tinlot,19776,Tinlot
4430,Walloni�,Ans,16149,Ans
4340,Walloni�,Awans,18859,Awans
4920,Walloni�,Aywaille,17241,Aywaille
4690,Walloni�,Bitsingen,17546,Bassenge
4610,Walloni�,Beyne-Heusay,15931,Beyne-Heusay
4050,Walloni�,Chaudfontaine,22138,Chaudfontaine
4170,Walloni�,Comblain-au-Pont,16650,Comblain-au-Pont
4607,Walloni�,Dalhem,19128,Dalhem
4130,Walloni�,Esneux,20958,Esneux
4620,Walloni�,Fl�ron,16621,Fl�ron
4040,Walloni�,Herstal,14287,Herstal
4450,Walloni�,Juprelle,18910,Juprelle
4000,Walloni�,Luik,14624,Li�ge
4680,Walloni�,Oupeye,16940,Oupeye
4420,Walloni�,Saint-Nicolas,13492,Saint-Nicolas
4100,Walloni�,Seraing,13955,Seraing
4630,Walloni�,Soumagne,17337,Soumagne
4140,Walloni�,Sprimont,20065,Sprimont
4600,Walloni�,Wezet,16444,Vis�
4460,Walloni�,Gr�ce-Hollogne,15196,Gr�ce-Hollogne
4670,Walloni�,Bl�gny,18761,Bl�gny
4400,Walloni�,Fl�malle,15783,Fl�malle
4120,Walloni�,Neupr�,22574,Neupr�
4870,Walloni�,Trooz,17382,Trooz
4770,Walloni�,Amel,16175,Amel#Ambl�ve
4880,Walloni�,Aubel,18147,Aubel
4837,Walloni�,Baelen,17854,Baelen
4760,Walloni�,B�llingen,15505,B�llingen#Bullange
4750,Walloni�,B�tgenbach,15776,B�tgenbach#Butgenbach
4820,Walloni�,Dison,12209,Dison
4700,Walloni�,Eupen,17264,Eupen
4650,Walloni�,Herve,18138,Herve
4845,Walloni�,Jalhay,19349,Jalhay
4720,Walloni�,Kelmis,15656,Kelmis#La Calamine
4990,Walloni�,Lierneux,16768,Lierneux
4830,Walloni�,Limburg,16369,Limbourg
4710,Walloni�,Lontzen,17474,Lontzen
4960,Walloni�,Malmedy,16876,Malmedy
4877,Walloni�,Olne,20931,Olne
4860,Walloni�,Pepinster,16108,Pepinster
4730,Walloni�,Raeren,18827,Raeren
4780,Walloni�,Sankt Vith,17317,Sankt Vith#Saint-Vith
4900,Walloni�,Spa,16929,Spa
4970,Walloni�,Stavelot,16482,Stavelot
4987,Walloni�,Stoumont,17925,Stoumont
4910,Walloni�,Theux,18836,Theux
4800,Walloni�,Verviers,13956,Verviers
4950,Walloni�,Weismes,15959,Waimes#Weismes
4840,Walloni�,Welkenraedt,17281,Welkenraedt
4980,Walloni�,Trois-Ponts,16684,Trois-Ponts
4790,Walloni�,Burg-Reuland,16190,Burg-Reuland
4850,Walloni�,Plombi�res,16109,Plombi�res
4890,Walloni�,Thimister-Clermont,18384,Thimister-Clermont
4257,Walloni�,Berloz,18758,Berloz
4260,Walloni�,Braives,18935,Braives
4367,Walloni�,Crisn�e,19549,Crisn�e
4357,Walloni�,Donceel,20241,Donceel
4347,Walloni�,Fexhe-le-Haut-Clocher,19449,Fexhe-le-Haut-Clocher
4250,Walloni�,Geer,19600,Geer
4280,Walloni�,Hannuit,18974,Hannut
4287,Walloni�,Lijsem,18898,Lincent
4360,Walloni�,Oerle,18510,Oreye
4350,Walloni�,Remicourt,19231,Remicourt
4470,Walloni�,Saint-Georges-sur-Meuse,17311,Saint-Georges-sur-Meuse
4300,Walloni�,Borgworm,18595,Waremme
4219,Walloni�,Wasseiges,17694,Wasseiges
4317,Walloni�,Faimes,20267,Faimes
6700,Walloni�,Aarlen,20379,Arlon
6717,Walloni�,Attert,22841,Attert
6790,Walloni�,Aubange,16036,Aubange
6630,Walloni�,Martelange,17361,Martelange
6780,Walloni�,Messancy,20870,Messancy
6600,Walloni�,Bastenaken,16038,Bastogne
6687,Walloni�,Bertogne,16232,Bertogne
6637,Walloni�,Fauvillers,17451,Fauvillers
6660,Walloni�,Houffalize,16200,Houffalize
6690,Walloni�,Vielsalm,15479,Vielsalm
6640,Walloni�,Vaux-sur-S�re,16194,Vaux-sur-S�re
6670,Walloni�,Gouvy,15209,Gouvy
6680,Walloni�,Sainte-Ode,15623,Sainte-Ode
6940,Walloni�,Durbuy,15760,Durbuy
6997,Walloni�,Erez�e,16111,�rez�e
6990,Walloni�,Hotton,14900,Hotton
6980,Walloni�,La Roche-en-Ardenne,15185,La Roche-en-Ardenne
6900,Walloni�,Marche-en-Famenne,16001,Marche-en-Famenne
6950,Walloni�,Nassogne,16239,Nassogne
6987,Walloni�,Rendeux,15744,Rendeux
6970,Walloni�,Tenneville,16760,Tenneville
6960,Walloni�,Manhay,16774,Manhay
6880,Walloni�,Bertrix,15669,Bertrix
6830,Walloni�,Bouillon,15570,Bouillon
6929,Walloni�,Daverdisse,14472,Daverdisse
6887,Walloni�,Herbeumont,15970,Herbeumont
6860,Walloni�,L�glise,17187,L'�glise
6890,Walloni�,Libin,17171,Libin
6840,Walloni�,Neufch�teau,16581,Neufch�teau
6850,Walloni�,Paliseul,15236,Paliseul
6870,Walloni�,Saint-Hubert,16055,Saint-Hubert
6927,Walloni�,Tellin,16030,Tellin
6920,Walloni�,Wellin,16097,Wellin
6800,Walloni�,Libramont-Chevigny,17337,Libramont-Chevigny
6810,Walloni�,Chiny,16441,Chiny
6740,Walloni�,Etalle,19968,�talle
6820,Walloni�,Florenville,16097,Florenville
6769,Walloni�,Meix-devant-Virton,16997,Meix-devant-Virton
6750,Walloni�,Musson,17225,Musson
6747,Walloni�,Saint-L�ger,19066,Saint-L�ger
6730,Walloni�,Tintigny,16793,Tintigny
6760,Walloni�,Virton,16523,Virton
6720,Walloni�,Habay,19345,Habay
6767,Walloni�,Rouvroy,16242,Rouvroy
5537,Walloni�,Anh�e,16479,Anh�e
5570,Walloni�,Beauraing,15453,Beauraing
5555,Walloni�,Bi�vre,15212,Bi�vre
5590,Walloni�,Ciney,16880,Ciney
5500,Walloni�,Dinant,15640,Dinant
5575,Walloni�,Gedinne,15637,Gedinne
5360,Walloni�,Hamois,17440,Hamois
5370,Walloni�,Havelange,16340,Havelange
5560,Walloni�,Houyet,16471,Houyet
5520,Walloni�,Onhaye,16795,Onhaye
5580,Walloni�,Rochefort,15840,Rochefort
5377,Walloni�,Somme-Leuze,16303,Somme-Leuze
5530,Walloni�,Yvoir,18426,Yvoir
5540,Walloni�,Hasti�re,14690,Hasti�re
5550,Walloni�,Vresse-sur-Semois,14888,Vresse-sur-Semois
5300,Walloni�,Andenne,16104,Andenne
5330,Walloni�,Assesse,19312,Assesse
5310,Walloni�,Eghez�e,19401,�ghez�e
5150,Walloni�,Floreffe,18308,Floreffe
5070,Walloni�,Fosses-la-Ville,16932,Fosses-la-Ville
5340,Walloni�,Gesves,18644,Gesves
5640,Walloni�,Mettet,17362,Mettet
5000,Walloni�,Namen,17604,Namur
5350,Walloni�,Ohey,17208,Ohey
5170,Walloni�,Profondeville,18810,Profondeville
5140,Walloni�,Sombreffe,18136,Sombreffe
5060,Walloni�,Sambreville,15896,Sambreville
5380,Walloni�,Fernelmont,19185,Fernelmont
5190,Walloni�,Jemeppe-sur-Sambre,16748,Jemeppe-sur-Sambre
5080,Walloni�,La Bruy�re,20593,La Bruy�re
5030,Walloni�,Gembloux,19392,Gembloux
5630,Walloni�,Cerfontaine,16168,Cerfontaine
5660,Walloni�,Couvin,14674,Couvin
5680,Walloni�,Doische,15265,Doische
5620,Walloni�,Florennes,16444,Florennes
5600,Walloni�,Philippeville,15835,Philippeville
5650,Walloni�,Walcourt,17670,Walcourt
5670,Walloni�,Viroinval,14711,Viroinval
1070,Brussels Hoofdstedelijk Gewest,Anderlecht,11618,Anderlecht
1160,Brussels Hoofdstedelijk Gewest,Oudergem,18215,Oudergem#Auderghem
1082,Brussels Hoofdstedelijk Gewest,Sint-Agatha-Berchem,15614,Sint-Agatha-Berchem#Berchem-Sainte-Agathe
1000,Brussels Hoofdstedelijk Gewest,Brussel,12254,Brussel#Bruxelles
1040,Brussels Hoofdstedelijk Gewest,Etterbeek,14072,Etterbeek
1140,Brussels Hoofdstedelijk Gewest,Evere,13596,Evere
1190,Brussels Hoofdstedelijk Gewest,Vorst,14311,Vorst#Forest
1083,Brussels Hoofdstedelijk Gewest,Ganshoren,15231,Ganshoren
1050,Brussels Hoofdstedelijk Gewest,Elsene,15428,Elsene#Ixelles
1090,Brussels Hoofdstedelijk Gewest,Jette,14959,Jette
1081,Brussels Hoofdstedelijk Gewest,Koekelberg,12616,Koekelberg
1080,Brussels Hoofdstedelijk Gewest,Sint-Jans-Molenbeek,10350,Sint-Jan-Molenbeek#Molenbeek-Saint-Jean
1060,Brussels Hoofdstedelijk Gewest,Sint-Gillis,12296,Sint-Gillis#Saint-Gilles
1210,Brussels Hoofdstedelijk Gewest,Sint-Joost-ten-Node,8824,Sint-Joost-ten-Node#Saint-Josse-ten-Noode
1030,Brussels Hoofdstedelijk Gewest,Schaarbeek,11663,Schaarbeek#Schaerbeek
1180,Brussels Hoofdstedelijk Gewest,Ukkel,19325,Ukkel#Uccle
1170,Brussels Hoofdstedelijk Gewest,Watermaal-Bosvoorde,19681,Watermaal-Bosvoorde#Watermael-Boitsfort
1200,Brussels Hoofdstedelijk Gewest,Sint-Lambrechts-Woluwe,16515,Sint-Lambrechts-Woluwe#Woluwe-Saint-Lambert
1150,Brussels Hoofdstedelijk Gewest,Sint-Pieters-Woluwe,19318,Sint-Pieters-Woluwe#Woluwe-Saint-Pierre
