PartijNummer,Partijen,Avelgem,Spiere-Helkijn,Totalen
2,Groen,413,111,524
3,Vlaams Belang,296,50,346
7,OpenVld,1032,308,1340
12,sp.a,1427,237,1664
13,N-VA,1555,206,1761
15,CD&V,1769,278,2047
17,PVDA+,84,17,101
29,R.O.S.S.E.M.,21,5,26
31,ROEL,4,1,5
32,GENOEG,17,3,20
33,VCP,17,6,23
34,Piratenpartij,42,15,57
35,V.I.T.A.L.,3,2,5
,
PartijNummer,Partijen,Beernem,Blankenberge,Brugge,Damme,Jabbeke,Knokke-Heist,Oostkamp,Zedelgem,Zuienkerke,Totalen
2,Groen,876,693,9112,504,616,1253,1226,1108,117,15505
3,Vlaams Belang,448,903,3847,308,452,999,722,800,103,8582
7,OpenVld,1468,2502,8623,1057,1026,5076,1760,1452,299,23263
12,sp.a,1360,3108,15883,734,1248,1966,2420,2154,227,29100
13,N-VA,3234,4200,22058,2594,3001,9561,4846,4622,662,54778
15,CD&V,2970,2033,17436,2316,2731,3811,4509,4891,545,41242
17,PVDA+,146,180,1475,91,104,194,235,220,23,2668
29,R.O.S.S.E.M.,34,45,232,22,24,48,48,47,4,504
31,ROEL,20,14,146,8,5,14,16,27,2,252
32,GENOEG,11,35,285,5,10,76,22,19,8,471
33,VCP,20,10,176,11,11,31,29,16,0,304
34,Piratenpartij,79,114,613,36,65,148,105,128,22,1310
35,V.I.T.A.L.,5,7,53,3,5,6,5,13,2,99
,
PartijNummer,Partijen,Diksmuide,Houthulst,Koekelare,Kortemark,Lo-Reninge,Totalen
2,Groen,566,277,255,371,122,1591
3,Vlaams Belang,544,416,282,376,93,1711
7,OpenVld,1488,793,1149,1739,278,5447
12,sp.a,1696,899,1269,987,227,5078
13,N-VA,3750,1935,1433,2119,698,9935
15,CD&V,3111,1824,1450,2545,776,9706
17,PVDA+,158,103,75,109,13,458
29,R.O.S.S.E.M.,43,36,13,41,6,139
31,ROEL,37,11,89,37,3,177
32,GENOEG,17,6,4,24,3,54
33,VCP,14,20,6,16,3,59
34,Piratenpartij,82,45,35,54,11,227
35,V.I.T.A.L.,10,5,3,6,0,24
,
PartijNummer,Partijen,Gistel,Ichtegem,Oudenburg,Totalen
2,Groen,483,528,374,1385
3,Vlaams Belang,419,418,321,1158
7,OpenVld,1552,1431,1175,4158
12,sp.a,1665,1577,1195,4437
13,N-VA,2346,2385,1862,6593
15,CD&V,2037,2047,1776,5860
17,PVDA+,124,117,98,339
29,R.O.S.S.E.M.,27,39,23,89
31,ROEL,17,38,27,82
32,GENOEG,23,22,10,55
33,VCP,10,15,10,35
34,Piratenpartij,74,43,52,169
35,V.I.T.A.L.,11,10,4,25
,
PartijNummer,Partijen,Deerlijk,Harelbeke,Waregem,Totalen
2,Groen,459,1282,1492,3233
3,Vlaams Belang,381,991,1021,2393
7,OpenVld,1134,1992,2203,5329
12,sp.a,1176,4314,2619,8109
13,N-VA,2425,5186,7635,15246
15,CD&V,2450,4539,10177,17166
17,PVDA+,101,398,277,776
29,R.O.S.S.E.M.,18,59,52,129
31,ROEL,4,20,23,47
32,GENOEG,26,59,46,131
33,VCP,13,31,56,100
34,Piratenpartij,51,154,133,338
35,V.I.T.A.L.,7,11,22,40
,
PartijNummer,Partijen,Hooglede,Staden,Totalen
2,Groen,507,290,797,
3,Vlaams Belang,299,323,622,
7,OpenVld,827,2019,2846,
12,sp.a,772,811,1583,
13,N-VA,2270,1914,4184,
15,CD&V,2083,2121,4204,
17,PVDA+,69,78,147,
29,R.O.S.S.E.M.,24,29,53,
31,ROEL,6,8,14,
32,GENOEG,12,5,17,
33,VCP,6,13,19,
34,Piratenpartij,32,28,60,
35,V.I.T.A.L.,3,2,5,
,
PartijNummer,Partijen,Ieper,Langemark-Poelkapelle,Totalen
2,Groen,1721,202,1923,
3,Vlaams Belang,1147,288,1435,
7,OpenVld,2941,665,3606,
12,sp.a,3987,649,4636,
13,N-VA,6251,1645,7896,
15,CD&V,6586,1696,8282,
17,PVDA+,408,116,524,
29,R.O.S.S.E.M.,108,24,132,
31,ROEL,49,17,66,
32,GENOEG,42,8,50,
33,VCP,75,12,87,
34,Piratenpartij,205,30,235,
35,V.I.T.A.L.,12,2,14,
,
PartijNummer,Partijen,Ingelmunster,Izegem,Totalen
2,Groen,384,1207,1591,
3,Vlaams Belang,415,1307,1722,
7,OpenVld,671,1608,2279,
12,sp.a,1136,3308,4444,
13,N-VA,2561,7067,9628,
15,CD&V,2044,3821,5865,
17,PVDA+,130,398,528,
29,R.O.S.S.E.M.,21,45,66,
31,ROEL,9,30,39,
32,GENOEG,12,28,40,
33,VCP,11,23,34,
34,Piratenpartij,44,120,164,
35,V.I.T.A.L.,5,17,22,
,
PartijNummer,Partijen,Anzegem,Kortrijk,Kuurne,Lendelede,Zwevegem,Totalen
2,Groen,588,4752,670,234,1161,7405
3,Vlaams Belang,469,2321,402,201,819,4212
7,OpenVld,1379,7326,1154,346,2148,12353
12,sp.a,1085,7502,1142,541,2374,12644
13,N-VA,3215,13963,2714,1345,4847,26084
15,CD&V,3159,11458,2563,1264,5072,23516
17,PVDA+,133,1044,172,53,250,1652
29,R.O.S.S.E.M.,22,114,22,9,52,219
31,ROEL,7,98,20,3,23,151
32,GENOEG,17,272,20,9,58,376
33,VCP,14,124,21,5,28,192
34,Piratenpartij,55,424,55,21,111,666
35,V.I.T.A.L.,3,20,9,4,15,51
,
PartijNummer,Partijen,Lichtervelde,Totalen
2,Groen,344,344
3,Vlaams Belang,247,247
7,OpenVld,810,810
12,sp.a,716,716
13,N-VA,1559,1559
15,CD&V,2182,2182
17,PVDA+,86,86
29,R.O.S.S.E.M.,16,16
31,ROEL,9,9
32,GENOEG,1,1
33,VCP,10,10
34,Piratenpartij,42,42
35,V.I.T.A.L.,6,6
,
PartijNummer,Partijen,Menen,Wevelgem,Totalen
2,Groen,1446,1818,3264,
3,Vlaams Belang,1217,1198,2415,
7,OpenVld,2492,1959,4451,
12,sp.a,4804,3220,8024,
13,N-VA,4792,6127,10919,
15,CD&V,4442,6381,10823,
17,PVDA+,677,485,1162,
29,R.O.S.S.E.M.,72,44,116,
31,ROEL,34,37,71,
32,GENOEG,38,63,101,
33,VCP,42,34,76,
34,Piratenpartij,144,170,314,
35,V.I.T.A.L.,24,20,44,
,
PartijNummer,Partijen,Heuvelland,Mesen,Totalen
2,Groen,384,27,411,
3,Vlaams Belang,271,28,299,
7,OpenVld,746,173,919,
12,sp.a,633,115,748,
13,N-VA,1429,101,1530,
15,CD&V,1436,99,1535,
17,PVDA+,97,7,104,
29,R.O.S.S.E.M.,19,0,19,
31,ROEL,8,2,10,
32,GENOEG,4,0,4,
33,VCP,14,2,16,
34,Piratenpartij,42,10,52,
35,V.I.T.A.L.,4,2,6,
,
PartijNummer,Partijen,Dentergem,Meulebeke,Totalen
2,Groen,313,355,668,
3,Vlaams Belang,316,397,713,
7,OpenVld,579,667,1246,
12,sp.a,706,1015,1721,
13,N-VA,2174,2390,4564,
15,CD&V,1558,2483,4041,
17,PVDA+,62,111,173,
29,R.O.S.S.E.M.,18,23,41,
31,ROEL,3,11,14,
32,GENOEG,7,11,18,
33,VCP,12,13,25,
34,Piratenpartij,29,35,64,
35,V.I.T.A.L.,1,6,7,
,
PartijNummer,Partijen,Nieuwpoort,Totalen
2,Groen,463,463
3,Vlaams Belang,412,412
7,OpenVld,940,940
12,sp.a,1228,1228
13,N-VA,2877,2877
15,CD&V,1948,1948
17,PVDA+,92,92
29,R.O.S.S.E.M.,29,29
31,ROEL,15,15
32,GENOEG,11,11
33,VCP,16,16
34,Piratenpartij,71,71
35,V.I.T.A.L.,7,7
,
PartijNummer,Partijen,Bredene,de Haan,Middelkerke,Oostende,Totalen
2,Groen,772,583,753,4660,6768,
3,Vlaams Belang,658,388,806,3043,4895,
7,OpenVld,1072,2033,2623,6161,11889,
12,sp.a,3853,1338,1824,11096,18111,
13,N-VA,3361,3287,4447,12894,23989,
15,CD&V,1494,1317,2552,5857,11220,
17,PVDA+,232,97,163,967,1459,
29,R.O.S.S.E.M.,30,23,40,180,273,
31,ROEL,19,12,34,76,141,
32,GENOEG,20,11,33,186,250,
33,VCP,4,5,20,59,88,
34,Piratenpartij,83,76,125,425,709,
35,V.I.T.A.L.,67,14,15,43,139,
,
PartijNummer,Partijen,Oostrozebeke,Wielsbeke,Totalen
2,Groen,248,250,498,
3,Vlaams Belang,329,392,721,
7,OpenVld,462,528,990,
12,sp.a,532,587,1119,
13,N-VA,1784,2143,3927,
15,CD&V,1705,2391,4096,
17,PVDA+,61,59,120,
29,R.O.S.S.E.M.,13,10,23,
31,ROEL,4,6,10,
32,GENOEG,12,9,21,
33,VCP,9,9,18,
34,Piratenpartij,40,31,71,
35,V.I.T.A.L.,1,7,8,
,
PartijNummer,Partijen,Poperinge,Totalen
2,Groen,895,895
3,Vlaams Belang,678,678
7,OpenVld,2212,2212
12,sp.a,1809,1809
13,N-VA,3389,3389
15,CD&V,3918,3918
17,PVDA+,168,168
29,R.O.S.S.E.M.,47,47
31,ROEL,30,30
32,GENOEG,22,22
33,VCP,59,59
34,Piratenpartij,74,74
35,V.I.T.A.L.,11,11
,
PartijNummer,Partijen,Ledegem,Moorslede,Roeselare,Totalen
2,Groen,285,398,3111,3794
3,Vlaams Belang,302,388,2340,3030
7,OpenVld,538,926,4269,5733
12,sp.a,804,1082,6030,7916
13,N-VA,1643,2265,13168,17076
15,CD&V,3033,2108,9212,14353
17,PVDA+,79,103,605,787
29,R.O.S.S.E.M.,12,18,115,145
31,ROEL,3,14,55,72
32,GENOEG,8,9,138,155
33,VCP,10,9,67,86
34,Piratenpartij,27,44,276,347
35,V.I.T.A.L.,1,2,24,27
,
PartijNummer,Partijen,Ruiselede,Wingene,Totalen
2,Groen,218,512,730,
3,Vlaams Belang,179,510,689,
7,OpenVld,564,983,1547,
12,sp.a,293,1028,1321,
13,N-VA,1050,2932,3982,
15,CD&V,1211,3345,4556,
17,PVDA+,64,126,190,
29,R.O.S.S.E.M.,12,34,46,
31,ROEL,3,11,14,
32,GENOEG,5,15,20,
33,VCP,5,24,29,
34,Piratenpartij,26,39,65,
35,V.I.T.A.L.,4,6,10,
,
PartijNummer,Partijen,Ardooie,Pittem,Tielt,Totalen
2,Groen,339,192,903,1434
3,Vlaams Belang,309,277,639,1225
7,OpenVld,1067,525,1572,3164
12,sp.a,697,451,1954,3102
13,N-VA,1877,1368,3761,7006
15,CD&V,1834,1732,4399,7965
17,PVDA+,76,55,307,438
29,R.O.S.S.E.M.,19,12,42,73
31,ROEL,8,3,13,24
32,GENOEG,11,7,21,39
33,VCP,13,8,25,46
34,Piratenpartij,45,38,94,177
35,V.I.T.A.L.,7,3,10,20
,
PartijNummer,Partijen,Torhout,Totalen
2,Groen,918,918
3,Vlaams Belang,580,580
7,OpenVld,1201,1201
12,sp.a,2242,2242
13,N-VA,3645,3645
15,CD&V,5225,5225
17,PVDA+,200,200
29,R.O.S.S.E.M.,48,48
31,ROEL,38,38
32,GENOEG,18,18
33,VCP,32,32
34,Piratenpartij,107,107
35,V.I.T.A.L.,4,4
,Totalen14258,14258
,38025 - Kanton Veurne
,
PartijNummer,Partijen,Alveringem,de Panne,Koksijde,Veurne,Totalen
2,Groen,183,407,956,476,2022,
3,Vlaams Belang,159,329,493,280,1261,
7,OpenVld,416,1266,3273,886,5841,
12,sp.a,403,1616,2033,1856,5908,
13,N-VA,1124,1950,5892,2571,11537,
15,CD&V,933,1101,2958,1775,6767,
17,PVDA+,42,103,166,73,384,
29,R.O.S.S.E.M.,7,19,39,20,85,
31,ROEL,4,7,19,10,40,
32,GENOEG,16,30,58,19,123,
33,VCP,8,16,11,23,58,
34,Piratenpartij,33,45,104,54,236,
35,V.I.T.A.L.,4,8,8,5,25,
,Totalen3332,6897,16010,8048,34287,
,33041 - Kanton Vleteren
,
PartijNummer,Partijen,Vleteren,Totalen
2,Groen,131,131
3,Vlaams Belang,120,120
7,OpenVld,423,423
12,sp.a,218,218
13,N-VA,775,775
15,CD&V,695,695
17,PVDA+,15,15
29,R.O.S.S.E.M.,4,4
31,ROEL,2,2
32,GENOEG,4,4
33,VCP,9,9
34,Piratenpartij,23,23
35,V.I.T.A.L.,1,1
,Totalen2420,2420
,33029 - Kanton Wervik
,
PartijNummer,Partijen,Wervik,Totalen
2,Groen,690,690
3,Vlaams Belang,620,620
7,OpenVld,1515,1515
12,sp.a,2824,2824
13,N-VA,2853,2853
15,CD&V,2849,2849
17,PVDA+,254,254
29,R.O.S.S.E.M.,37,37
31,ROEL,22,22
32,GENOEG,27,27
33,VCP,18,18
34,Piratenpartij,122,122
35,V.I.T.A.L.,11,11
,Totalen11842,11842
,33037 - Kanton Zonnebeke
,
PartijNummer,Partijen,Zonnebeke,Totalen
2,Groen,377,377
3,Vlaams Belang,402,402
7,OpenVld,940,940
12,sp.a,1417,1417
13,N-VA,2415,2415
15,CD&V,2561,2561
17,PVDA+,97,97
29,R.O.S.S.E.M.,48,48
31,ROEL,14,14
32,GENOEG,13,13
33,VCP,10,10
34,Piratenpartij,58,58
35,V.I.T.A.L.,6,6
,Totalen8358,8358
,11002 - Kanton Antwerpen
,
PartijNummer,Partijen,Antwerpen,Zwijndrecht,Totalen
2,Groen,38589,1552,40141,
3,Vlaams Belang,20816,1173,21989,
7,OpenVld,22441,857,23298,
12,sp.a,44648,1617,46265,
13,N-VA,85959,4819,90778,
15,CD&V,31095,1947,33042,
17,PVDA+,21305,494,21799,
29,R.O.S.S.E.M.,529,39,568,
30,VCP,144,1,145,
32,ROEL,298,23,321,
33,MAMA,863,53,916,
34,Piratenpartij,1919,66,1985,
35,GENOEG,793,39,832,
,Totalen269399,12680,282079,
,13001 - Kanton Arendonk
,
PartijNummer,Partijen,Arendonk,Dessel,Ravels,Retie,Totalen
2,Groen,566,255,436,422,1679,
3,Vlaams Belang,595,395,498,396,1884,
7,OpenVld,573,346,558,654,2131,
12,sp.a,802,514,405,467,2188,
13,N-VA,3139,3156,2506,2576,11377,
15,CD&V,2076,1525,2574,2474,8649,
17,PVDA+,108,115,87,83,393,
29,R.O.S.S.E.M.,9,15,15,24,63,
30,VCP,7,2,4,8,21,
32,ROEL,12,5,10,11,38,
33,MAMA,18,13,10,17,58,
34,Piratenpartij,42,23,31,33,129,
35,GENOEG,20,13,28,15,76,
,Totalen7967,6377,7162,7180,28686,
,11005 - Kanton Boom
,
PartijNummer,Partijen,Boom,Hemiksem,Niel,Rumst,Schelle,Totalen
2,Groen,863,514,430,753,462,3022
3,Vlaams Belang,832,646,580,698,427,3183
7,OpenVld,813,585,1052,845,464,3759
12,sp.a,2048,1095,987,1517,549,6196
13,N-VA,3645,2420,2054,3743,2110,13972
15,CD&V,1829,1298,869,2369,1319,7684
17,PVDA+,393,268,221,228,149,1259
29,R.O.S.S.E.M.,25,23,26,19,11,104
30,VCP,4,0,6,8,4,22
32,ROEL,15,11,12,9,5,52
33,MAMA,18,29,22,29,9,107
34,Piratenpartij,70,42,42,80,36,270
35,GENOEG,30,33,32,26,8,129
,Totalen10585,6964,6333,10324,5553,39759
,11009 - Kanton Brecht
,
PartijNummer,Partijen,Brecht,Essen,Kalmthout,Malle,Wuustwezel,Totalen
2,Groen,1136,764,1112,803,803,4618
3,Vlaams Belang,1619,809,604,634,887,4553
7,OpenVld,1580,744,849,893,1209,5275
12,sp.a,1242,1018,915,677,691,4543
13,N-VA,8505,3675,4298,4188,4885,25551
15,CD&V,3910,2729,2878,2294,3854,15665
17,PVDA+,369,268,370,192,334,1533
29,R.O.S.S.E.M.,47,29,29,25,41,171
30,VCP,15,5,2,10,9,41
32,ROEL,19,13,13,10,16,71
33,MAMA,47,22,28,42,43,182
34,Piratenpartij,144,73,90,75,89,471
35,GENOEG,62,29,22,36,43,192
,Totalen18695,10178,11210,9879,12904,62866
,12009 - Kanton Duffel
,
PartijNummer,Partijen,Bonheiden,Duffel,Sint-Katelijne-Waver,Totalen
2,Groen,983,1090,1016,3089
3,Vlaams Belang,542,817,968,2327
7,OpenVld,1556,933,1717,4206
12,sp.a,712,854,977,2543
13,N-VA,3928,4517,5267,13712
15,CD&V,2213,3007,3479,8699
17,PVDA+,193,293,260,746
29,R.O.S.S.E.M.,23,36,23,82
30,VCP,4,4,8,16
32,ROEL,6,22,22,50
33,MAMA,19,27,23,69
34,Piratenpartij,55,90,97,242
35,GENOEG,38,37,53,128
,Totalen10272,11727,13910,35909
,12014 - Kanton Heist-op-den-Berg
,
PartijNummer,Partijen,Heist-op-den-Berg,Nijlen,Putte,Totalen
2,Groen,2120,1308,796,4224
3,Vlaams Belang,2117,1062,773,3952
7,OpenVld,2944,1245,2380,6569
12,sp.a,3244,1257,813,5314
13,N-VA,9953,6176,3763,19892
15,CD&V,7157,4037,3035,14229
17,PVDA+,919,332,205,1456
29,R.O.S.S.E.M.,125,65,37,227
30,VCP,28,12,9,49
32,ROEL,21,15,3,39
33,MAMA,115,66,27,208
34,Piratenpartij,233,133,76,442
35,GENOEG,119,54,40,213
,Totalen29095,15762,11957,56814
,13011 - Kanton Herentals
,
PartijNummer,Partijen,Grobbendonk,Herentals,Herenthout,Kasterlee,Lille,Olen,Vorselaar,Totalen
2,Groen,533,1623,404,861,908,576,440,5345
3,Vlaams Belang,525,1253,351,687,791,546,410,4563
7,OpenVld,1183,1710,555,1112,888,814,527,6789
12,sp.a,827,2722,531,846,744,973,537,7180
13,N-VA,3003,6615,2091,4635,4306,2933,1896,25479
15,CD&V,1464,4178,1866,4252,3306,2084,1337,18487
17,PVDA+,172,537,174,233,235,217,137,1705
29,R.O.S.S.E.M.,21,68,30,28,30,41,20,238
30,VCP,4,22,8,10,9,12,4,69
32,ROEL,15,34,8,16,9,12,13,107
33,MAMA,31,65,14,33,30,36,21,230
34,Piratenpartij,51,138,89,74,50,47,53,502
35,GENOEG,34,84,20,48,32,26,22,266
,Totalen7863,19049,6141,12835,11338,8317,5417,70960
,13014 - Kanton Hoogstraten
,
PartijNummer,Partijen,Baarle-Hertog,Hoogstraten,Merksplas,Rijkevorsel,Totalen
2,Groen,81,1012,492,475,2060,
3,Vlaams Belang,52,499,284,456,1291,
7,OpenVld,92,1512,922,885,3411,
12,sp.a,42,563,287,533,1425,
13,N-VA,287,3769,1927,3212,9195,
15,CD&V,327,3240,1435,1719,6721,
17,PVDA+,24,124,94,122,364,
29,R.O.S.S.E.M.,3,24,5,21,53,
30,VCP,0,8,1,4,13,
32,ROEL,5,6,8,6,25,
33,MAMA,3,25,17,19,64,
34,Piratenpartij,4,51,17,32,104,
35,GENOEG,1,29,19,25,74,
,Totalen921,10862,5508,7509,24800,
,11023 - Kanton Kapellen
,
PartijNummer,Partijen,Brasschaat,Kapellen,Schoten,Stabroek,Totalen
2,Groen,2037,1465,1932,695,6129,
3,Vlaams Belang,1937,1132,2042,1325,6436,
7,OpenVld,2322,3057,1718,1123,8220,
12,sp.a,1758,1449,2075,1339,6621,
13,N-VA,10652,7049,10260,5202,33163,
15,CD&V,4935,2374,3532,1905,12746,
17,PVDA+,649,447,655,350,2101,
29,R.O.S.S.E.M.,35,26,46,27,134,
30,VCP,15,15,9,5,44,
32,ROEL,25,24,18,16,83,
33,MAMA,71,39,89,58,257,
34,Piratenpartij,201,129,180,95,605,
35,GENOEG,72,51,83,70,276,
,Totalen24709,17257,22639,12210,76815,
,11024 - Kanton Kontich
,
PartijNummer,Partijen,Aartselaar,Boechout,Borsbeek,Edegem,Hove,Kontich,Lint,Mortsel,Totalen
2,Groen,718,1200,698,1636,721,1471,629,2961,10034,
3,Vlaams Belang,573,438,553,713,201,840,334,951,4603,
7,OpenVld,1223,787,449,1654,694,1648,635,1458,8548,
12,sp.a,746,644,555,1045,412,1006,452,1628,6488,
13,N-VA,4265,3639,3073,6051,2362,5854,2611,6139,33994,
15,CD&V,2060,1816,1058,2928,1228,3056,1294,2661,16101,
17,PVDA+,173,203,259,389,134,366,125,596,2245,
29,R.O.S.S.E.M.,12,14,10,24,6,30,10,24,130,
30,VCP,4,4,3,4,3,6,0,12,36,
32,ROEL,12,8,7,2,2,8,7,27,73,
33,MAMA,22,29,23,36,13,45,8,48,224,
34,Piratenpartij,59,65,52,80,29,102,24,123,534,
35,GENOEG,26,24,18,36,7,39,12,40,202,
,Totalen9893,8871,6758,14598,5812,14471,6141,16668,83212,
,12021 - Kanton Lier
,
PartijNummer,Partijen,Berlaar,Lier,Totalen
2,Groen,675,2434,3109,
3,Vlaams Belang,544,1789,2333,
7,OpenVld,709,2673,3382,
12,sp.a,935,2696,3631,
13,N-VA,2722,8442,11164,
15,CD&V,1892,4463,6355,
17,PVDA+,172,623,795,
29,R.O.S.S.E.M.,28,55,83,
30,VCP,2,13,15,
32,ROEL,22,17,39,
33,MAMA,22,68,90,
34,Piratenpartij,55,195,250,
35,GENOEG,24,66,90,
,Totalen7802,23534,31336,
,12025 - Kanton Mechelen
,
PartijNummer,Partijen,Mechelen,Willebroek,Totalen
2,Groen,6068,1157,7225,
3,Vlaams Belang,3234,1004,4238,
7,OpenVld,8393,1326,9719,
12,sp.a,7775,3658,11433,
13,N-VA,15269,5502,20771,
15,CD&V,8318,2790,11108,
17,PVDA+,2335,462,2797,
29,R.O.S.S.E.M.,127,40,167,
30,VCP,25,1,26,
32,ROEL,50,20,70,
33,MAMA,101,27,128,
34,Piratenpartij,333,68,401,
35,GENOEG,145,43,188,
,Totalen52173,16098,68271,
,13025 - Kanton Mol
,
PartijNummer,Partijen,Balen,Geel,Meerhout,Mol,Totalen
2,Groen,729,2051,406,1621,4807,
3,Vlaams Belang,1172,1685,545,1392,4794,
7,OpenVld,1189,2052,777,1900,5918,
12,sp.a,1889,2632,875,2965,8361,
13,N-VA,5778,9290,2288,8719,26075,
15,CD&V,3201,6903,1724,5495,17323,
17,PVDA+,377,812,151,644,1984,
29,R.O.S.S.E.M.,46,69,22,73,210,
30,VCP,3,18,8,16,45,
32,ROEL,20,28,14,39,101,
33,MAMA,32,59,17,68,176,
34,Piratenpartij,78,172,37,108,395,
35,GENOEG,79,96,27,88,290,
,Totalen14593,25867,6891,23128,70479,
,12030 - Kanton Puurs
,
PartijNummer,Partijen,Bornem,Puurs,Sint-Amands,Totalen
2,Groen,1061,810,387,2258
3,Vlaams Belang,887,717,302,1906
7,OpenVld,1191,919,513,2623
12,sp.a,1597,820,640,3057
13,N-VA,4380,3581,1703,9664
15,CD&V,4944,4809,1878,11631
17,PVDA+,482,221,108,811
29,R.O.S.S.E.M.,27,17,15,59
30,VCP,7,10,4,21
32,ROEL,15,8,1,24
33,MAMA,30,20,15,65
34,Piratenpartij,84,41,24,149
35,GENOEG,36,25,15,76
,Totalen14741,11998,5605,32344
,13040 - Kanton Turnhout
,
PartijNummer,Partijen,Beerse,Oud-Turnhout,Turnhout,Vosselaar,Totalen
2,Groen,766,723,3240,674,5403,
3,Vlaams Belang,936,581,1953,460,3930,
7,OpenVld,927,645,1897,658,4127,
12,sp.a,828,744,3652,615,5839,
13,N-VA,4940,3158,8439,2945,19482,
15,CD&V,2842,2170,5439,1827,12278,
17,PVDA+,233,131,918,152,1434,
29,R.O.S.S.E.M.,34,10,64,19,127,
30,VCP,6,7,23,2,38,
32,ROEL,17,6,27,7,57,
33,MAMA,32,12,77,14,135,
34,Piratenpartij,67,45,175,61,348,
35,GENOEG,32,16,90,21,159,
,Totalen11660,8248,25994,7455,53357,
,13049 - Kanton Westerlo
,
PartijNummer,Partijen,Herselt,Hulshout,Laakdal,Westerlo,Totalen
2,Groen,612,471,570,1164,2817,
3,Vlaams Belang,826,646,938,1072,3482,
7,OpenVld,903,651,861,1379,3794,
12,sp.a,888,700,1186,1226,4000,
13,N-VA,3755,2507,4000,6280,16542,
15,CD&V,2507,1787,2748,5248,12290,
17,PVDA+,217,196,272,408,1093,
29,R.O.S.S.E.M.,56,31,50,59,196,
30,VCP,10,5,7,23,45,
32,ROEL,16,7,11,27,61,
33,MAMA,43,27,46,54,170,
34,Piratenpartij,41,58,62,109,270,
35,GENOEG,43,30,51,45,169,
,Totalen9917,7116,10802,17094,44929,
,11054 - Kanton Zandhoven
,
PartijNummer,Partijen,Ranst,Schilde,Wijnegem,Wommelgem,Zandhoven,Zoersel,Totalen
2,Groen,1264,834,652,719,675,1130,5274,
3,Vlaams Belang,872,704,497,643,556,852,4124,
7,OpenVld,1344,1643,509,874,761,1309,6440,
12,sp.a,763,547,484,509,480,893,3676,
13,N-VA,5862,6705,2774,3950,3963,6936,30190,
15,CD&V,2568,2286,1041,1254,2398,3336,12883,
17,PVDA+,240,180,168,190,145,256,1179,
29,R.O.S.S.E.M.,20,30,11,12,18,30,121,
30,VCP,7,6,5,3,7,8,36,
32,ROEL,17,13,18,15,15,17,95,
33,MAMA,30,34,13,19,24,28,148,
34,Piratenpartij,86,74,50,61,62,84,417,
35,GENOEG,31,21,27,23,21,38,161,
,Totalen13104,13077,6249,8272,9125,14917,64744,
,21001 - Kanton Anderlecht (BLVP)
,
,71004 - Kanton Beringen
,
PartijNummer,Partijen,Beringen,Ham,Heusden-Zolder,Leopoldsburg,Tessenderlo,Totalen
2,Groen,1557,448,1472,541,679,4697
3,Vlaams Belang,2332,527,1176,829,883,5747
7,OpenVld,2581,807,1795,784,1299,7266
12,sp.a,5898,925,4895,1950,2117,15785
13,N-VA,9675,2541,6946,3423,4324,26909
15,CD&V,5668,1605,3921,2146,2765,16105
17,PVDA+,510,139,339,217,219,1424
29,ROEL,64,19,34,20,26,163
30,R.O.S.S.E.M.,79,19,56,34,34,222
31,GENOEG,81,38,47,26,51,243
32,VCP,49,14,32,15,20,130
,Totalen28494,7082,20713,9985,12417,78691
,73006 - Kanton Bilzen
,
PartijNummer,Partijen,Bilzen,Hoeselt,Totalen
2,Groen,1276,389,1665,
3,Vlaams Belang,1501,389,1890,
7,OpenVld,2749,889,3638,
12,sp.a,2681,660,3341,
13,N-VA,6874,2460,9334,
15,CD&V,5769,1630,7399,
17,PVDA+,376,137,513,
29,ROEL,23,14,37,
30,R.O.S.S.E.M.,33,17,50,
31,GENOEG,58,17,75,
32,VCP,36,3,39,
,Totalen21376,6605,27981,
,73009 - Kanton Borgloon
,
PartijNummer,Partijen,Alken,Borgloon,Heers,Kortessem,Wellen,Totalen
2,Groen,626,297,186,317,192,1618
3,Vlaams Belang,342,321,254,285,247,1449
7,OpenVld,1169,1596,1044,896,857,5562
12,sp.a,1050,1739,1199,925,1743,6656
13,N-VA,2671,1949,1287,1901,1421,9229
15,CD&V,2014,1353,926,1511,767,6571
17,PVDA+,110,143,63,95,76,487
29,ROEL,7,9,4,5,4,29
30,R.O.S.S.E.M.,21,12,14,21,12,80
31,GENOEG,23,11,16,19,9,78
32,VCP,6,9,4,6,7,32
,Totalen8039,7439,4997,5981,5335,31791
,72004 - Kanton Bree
,
PartijNummer,Partijen,Bocholt,Bree,Meeuwen-Gruitrode,Totalen
2,Groen,361,509,315,1185
3,Vlaams Belang,479,710,408,1597
7,OpenVld,790,1671,572,3033
12,sp.a,901,943,474,2318
13,N-VA,2897,3757,2469,9123
15,CD&V,2631,2644,4554,9829
17,PVDA+,120,153,132,405
29,ROEL,17,17,6,40
30,R.O.S.S.E.M.,17,21,16,54
31,GENOEG,20,26,13,59
32,VCP,11,18,13,42
,Totalen8244,10469,8972,27685
,71016 - Kanton Genk
,
PartijNummer,Partijen,As,Genk,Opglabbeek,Zutendaal,Totalen
2,Groen,262,2508,342,256,3368,
3,Vlaams Belang,345,2461,461,296,3563,
7,OpenVld,504,2714,565,541,4324,
12,sp.a,726,8162,629,451,9968,
13,N-VA,1971,10669,2509,1788,16937,
15,CD&V,1289,8946,1898,1230,13363,
17,PVDA+,191,3133,187,134,3645,
29,ROEL,5,61,9,5,80,
30,R.O.S.S.E.M.,10,69,27,10,116,
31,GENOEG,12,110,31,14,167,
32,VCP,12,73,11,14,110,
,Totalen5327,38906,6669,4739,55641,
,71022 - Kanton Hasselt
,
PartijNummer,Partijen,Diepenbeek,Hasselt,Zonhoven,Totalen
2,Groen,869,4773,817,6459
3,Vlaams Belang,897,2228,942,4067
7,OpenVld,1285,5771,1989,9045
12,sp.a,1855,9526,2286,13667
13,N-VA,4804,17294,5222,27320
15,CD&V,2597,10129,2438,15164
17,PVDA+,338,1354,365,2057
29,ROEL,19,113,29,161
30,R.O.S.S.E.M.,34,142,34,210
31,GENOEG,45,135,42,222
32,VCP,40,98,23,161
,Totalen12783,51563,14187,78533
,71024 - Kanton Herk-de-Stad
,
PartijNummer,Partijen,Halen,Herk-de-Stad,Lummen,Totalen
2,Groen,340,524,617,1481
3,Vlaams Belang,348,406,577,1331
7,OpenVld,840,1082,937,2859
12,sp.a,918,1874,1355,4147
13,N-VA,2056,2773,3540,8369
15,CD&V,1810,1854,2807,6471
17,PVDA+,97,128,190,415
29,ROEL,9,11,14,34
30,R.O.S.S.E.M.,10,24,32,66
31,GENOEG,22,20,27,69
32,VCP,10,15,17,42
,Totalen6460,8711,10113,25284
,72021 - Kanton Maaseik
,
PartijNummer,Partijen,Dilsen-Stokkem,Kinrooi,Maaseik,Totalen
2,Groen,537,237,669,1443
3,Vlaams Belang,741,398,1155,2294
7,OpenVld,2714,567,1900,5181
12,sp.a,2142,677,2254,5073
13,N-VA,3626,2418,5409,11453
15,CD&V,2461,2974,3418,8853
17,PVDA+,288,94,268,650
29,ROEL,13,4,19,36
30,R.O.S.S.E.M.,38,13,22,73
31,GENOEG,16,3,23,42
32,VCP,30,5,24,59
,Totalen12606,7390,15161,35157
,73107 - Kanton Maasmechelen
,
PartijNummer,Partijen,Lanaken,Maasmechelen,Totalen
2,Groen,540,1377,1917,
3,Vlaams Belang,951,1278,2229,
7,OpenVld,3351,3542,6893,
12,sp.a,1636,4092,5728,
13,N-VA,3798,5442,9240,
15,CD&V,2495,4668,7163,
17,PVDA+,251,758,1009,
29,ROEL,19,31,50,
30,R.O.S.S.E.M.,10,43,53,
31,GENOEG,27,75,102,
32,VCP,33,76,109,
,Totalen13111,21382,34493,
,72025 - Kanton Neerpelt
,
PartijNummer,Partijen,Hamont-Achel,Lommel,Neerpelt,Overpelt,Totalen
2,Groen,389,1245,654,665,2953,
3,Vlaams Belang,379,1028,457,491,2355,
7,OpenVld,732,1718,809,752,4011,
12,sp.a,648,4667,1152,1121,7588,
13,N-VA,2444,6319,3407,3073,15243,
15,CD&V,2087,4118,3172,2780,12157,
17,PVDA+,117,938,260,228,1543,
29,ROEL,15,31,10,12,68,
30,R.O.S.S.E.M.,6,40,17,20,83,
31,GENOEG,13,54,25,21,113,
32,VCP,10,29,17,14,70,
,Totalen6840,20187,9980,9177,46184,
,72030 - Kanton Peer
,
PartijNummer,Partijen,Hechtel-Eksel,Houthalen-Helchteren,Peer,Totalen
2,Groen,450,1312,579,2341
3,Vlaams Belang,393,1280,608,2281
7,OpenVld,1899,1503,993,4395
12,sp.a,831,4496,1141,6468
13,N-VA,2512,5873,3818,12203
15,CD&V,1568,3859,3504,8931
17,PVDA+,127,763,218,1108
29,ROEL,10,34,20,64
30,R.O.S.S.E.M.,19,50,37,106
31,GENOEG,14,60,35,109
32,VCP,22,46,20,88
,Totalen7845,19276,10973,38094
,73066 - Kanton Riemst
,
PartijNummer,Partijen,Riemst,Totalen
2,Groen,378,378
3,Vlaams Belang,411,411
7,OpenVld,1153,1153
12,sp.a,755,755
13,N-VA,3244,3244
15,CD&V,3706,3706
17,PVDA+,103,103
29,ROEL,7,7
30,R.O.S.S.E.M.,10,10
31,GENOEG,22,22
32,VCP,12,12
,Totalen9801,9801
,71053 - Kanton Sint-Truiden
,
PartijNummer,Partijen,Gingelom,Nieuwerkerken,Sint-Truiden,Totalen
2,Groen,253,242,1381,1876
3,Vlaams Belang,235,224,1369,1828
7,OpenVld,804,567,3982,5353
12,sp.a,1791,985,5879,8655
13,N-VA,1483,1478,8841,11802
15,CD&V,990,1128,5198,7316
17,PVDA+,105,62,376,543
29,ROEL,9,12,44,65
30,R.O.S.S.E.M.,7,20,66,93
31,GENOEG,20,16,67,103
32,VCP,7,12,27,46
,Totalen5704,4746,27230,37680
,73083 - Kanton Tongeren
,
PartijNummer,Partijen,Herstappe,Tongeren,Totalen
2,Groen,6,1239,1245,
3,Vlaams Belang,0,1281,1281,
7,OpenVld,25,3346,3371,
12,sp.a,11,4485,4496,
13,N-VA,10,5469,5479,
15,CD&V,15,4346,4361,
17,PVDA+,3,334,337,
29,ROEL,0,36,36,
30,R.O.S.S.E.M.,0,42,42,
31,GENOEG,2,68,70,
32,VCP,0,33,33,
,Totalen72,20679,20751,
,73109 - Kanton Voeren
,
PartijNummer,Partijen,Voeren,Totalen
2,Groen,87,87
3,Vlaams Belang,69,69
7,OpenVld,185,185
12,sp.a,76,76
13,N-VA,627,627
15,CD&V,267,267
17,PVDA+,18,18
29,ROEL,2,2
30,R.O.S.S.E.M.,1,1
31,GENOEG,1,1
32,VCP,6,6
,Totalen1339,1339
,41002 - Kanton Aalst
,
PartijNummer,Partijen,Aalst,Erpe-Mere,Lede,Totalen
2,Groen,3692,725,754,5171
3,Vlaams Belang,4300,828,839,5967
7,OpenVld,8365,2284,2037,12686
12,sp.a,6538,1430,1351,9319
13,N-VA,20279,5206,4821,30306
15,CD&V,7884,3022,2486,13392
17,PVDA+,932,167,147,1246
29,R.O.S.S.E.M.,129,31,28,188
30,Piratenpartij,406,78,64,548
31,SD&P,1680,113,73,1866
33,GENOEG,101,32,26,159
35,ROEL,84,14,16,114
36,VCP,32,9,6,47
,Totalen54422,13939,12648,81009
,43002 - Kanton Assenede
,
PartijNummer,Partijen,Assenede,Zelzate,Totalen
2,Groen,694,272,966,
3,Vlaams Belang,603,550,1153,
7,OpenVld,1659,1308,2967,
12,sp.a,1352,1758,3110,
13,N-VA,2730,1661,4391,
15,CD&V,2065,907,2972,
17,PVDA+,415,1443,1858,
29,R.O.S.S.E.M.,28,24,52,
30,Piratenpartij,40,48,88,
31,SD&P,6,8,14,
33,GENOEG,14,14,28,
35,ROEL,9,6,15,
36,VCP,8,6,14,
,Totalen9623,8005,17628,
,46003 - Kanton Beveren
,
PartijNummer,Partijen,Beveren,Totalen
2,Groen,2565,2565
3,Vlaams Belang,2658,2658
7,OpenVld,2696,2696
12,sp.a,3208,3208
13,N-VA,13087,13087
15,CD&V,7230,7230
17,PVDA+,742,742
29,R.O.S.S.E.M.,77,77
30,Piratenpartij,209,209
31,SD&P,19,19
33,GENOEG,80,80
35,ROEL,39,39
36,VCP,26,26
,Totalen32636,32636
,45059 - Kanton Brakel
,
PartijNummer,Partijen,Brakel,Lierde,Totalen
2,Groen,575,242,817,
3,Vlaams Belang,524,227,751,
7,OpenVld,2904,996,3900,
12,sp.a,1524,634,2158,
13,N-VA,2476,1336,3812,
15,CD&V,1885,1113,2998,
17,PVDA+,165,62,227,
29,R.O.S.S.E.M.,20,8,28,
30,Piratenpartij,69,25,94,
31,SD&P,5,4,9,
33,GENOEG,21,10,31,
35,ROEL,15,4,19,
36,VCP,14,6,20,
,Totalen10197,4667,14864,
,44011 - Kanton Deinze
,
PartijNummer,Partijen,Deinze,Zulte,Totalen
2,Groen,1808,664,2472,
3,Vlaams Belang,869,488,1357,
7,OpenVld,3953,2330,6283,
12,sp.a,2597,1097,3694,
13,N-VA,6486,3297,9783,
15,CD&V,4385,2597,6982,
17,PVDA+,358,110,468,
29,R.O.S.S.E.M.,45,31,76,
30,Piratenpartij,132,60,192,
31,SD&P,10,8,18,
33,GENOEG,44,22,66,
35,ROEL,18,4,22,
36,VCP,29,12,41,
,Totalen20734,10720,31454,
,42006 - Kanton Dendermonde
,
PartijNummer,Partijen,Buggenhout,Dendermonde,Lebbeke,Totalen
2,Groen,579,2130,806,3515
3,Vlaams Belang,661,2173,807,3641
7,OpenVld,1425,4025,2645,8095
12,sp.a,812,4324,1403,6539
13,N-VA,3614,10682,4375,18671
15,CD&V,2505,6117,2237,10859
17,PVDA+,127,542,170,839
29,R.O.S.S.E.M.,18,61,24,103
30,Piratenpartij,63,191,82,336
31,SD&P,8,63,26,97
33,GENOEG,17,63,25,105
35,ROEL,9,42,16,67
36,VCP,6,20,8,34
,Totalen9844,30433,12624,52901
,44013 - Kanton Destelbergen
,
PartijNummer,Partijen,Destelbergen,Totalen
2,Groen,1191,1191
3,Vlaams Belang,564,564
7,OpenVld,2787,2787
12,sp.a,1461,1461
13,N-VA,4195,4195
15,CD&V,1856,1856
17,PVDA+,275,275
29,R.O.S.S.E.M.,23,23
30,Piratenpartij,87,87
31,SD&P,10,10
33,GENOEG,29,29
35,ROEL,6,6
36,VCP,17,17
,Totalen12501,12501
,43005 - Kanton Eeklo
,
PartijNummer,Partijen,Eeklo,Maldegem,Sint-Laureins,Totalen
2,Groen,1341,1108,299,2748
3,Vlaams Belang,947,850,218,2015
7,OpenVld,2001,2743,1079,5823
12,sp.a,2072,1531,394,3997
13,N-VA,3873,4769,1113,9755
15,CD&V,2606,4326,1392,8324
17,PVDA+,441,308,95,844
29,R.O.S.S.E.M.,38,44,12,94
30,Piratenpartij,122,114,22,258
31,SD&P,12,10,2,24
33,GENOEG,36,46,11,93
35,ROEL,12,18,1,31
36,VCP,27,24,5,56
,Totalen13528,15891,4643,34062
,44019 - Kanton Evergem
,
PartijNummer,Partijen,Evergem,Totalen
2,Groen,1917,1917
3,Vlaams Belang,1579,1579
7,OpenVld,3130,3130
12,sp.a,3004,3004
13,N-VA,7735,7735
15,CD&V,4746,4746
17,PVDA+,671,671
29,R.O.S.S.E.M.,72,72
30,Piratenpartij,185,185
31,SD&P,20,20
33,GENOEG,51,51
35,ROEL,25,25
36,VCP,25,25
,Totalen23160,23160
,44021 - Kanton Gent
,
PartijNummer,Partijen,Gent,Totalen
2,Groen,24960,24960
3,Vlaams Belang,7934,7934
7,OpenVld,26671,26671
12,sp.a,33613,33613
13,N-VA,32895,32895
15,CD&V,18133,18133
17,PVDA+,6385,6385
29,R.O.S.S.E.M.,376,376
30,Piratenpartij,1853,1853
31,SD&P,181,181
33,GENOEG,338,338
35,ROEL,127,127
36,VCP,190,190
,Totalen153656,153656
,41018 - Kanton Geraardsbergen
,
PartijNummer,Partijen,Geraardsbergen,Totalen
2,Groen,1015,1015
3,Vlaams Belang,1734,1734
7,OpenVld,4464,4464
12,sp.a,4383,4383
13,N-VA,6216,6216
15,CD&V,3466,3466
17,PVDA+,401,401
29,R.O.S.S.E.M.,48,48
30,Piratenpartij,151,151
31,SD&P,34,34
33,GENOEG,49,49
35,ROEL,12,12
36,VCP,14,14
,Totalen21987,21987
,42008 - Kanton Hamme
,
PartijNummer,Partijen,Hamme,Waasmunster,Totalen
2,Groen,1037,517,1554,
3,Vlaams Belang,1323,416,1739,
7,OpenVld,2129,1331,3460,
12,sp.a,2421,581,3002,
13,N-VA,5606,2953,8559,
15,CD&V,3872,1500,5372,
17,PVDA+,260,113,373,
29,R.O.S.S.E.M.,46,17,63,
30,Piratenpartij,112,41,153,
31,SD&P,24,5,29,
33,GENOEG,42,15,57,
35,ROEL,32,9,41,
36,VCP,4,8,12,
,Totalen16908,7506,24414,
,41027 - Kanton Herzele
,
PartijNummer,Partijen,Haaltert,Herzele,Sint-Lievens-Houtem,Totalen
2,Groen,666,765,397,1828
3,Vlaams Belang,1001,678,365,2044
7,OpenVld,2303,2674,1505,6482
12,sp.a,1510,1682,807,3999
13,N-VA,4610,4050,2407,11067
15,CD&V,2099,1981,1256,5336
17,PVDA+,161,148,77,386
29,R.O.S.S.E.M.,32,23,21,76
30,Piratenpartij,62,79,45,186
31,SD&P,70,19,12,101
33,GENOEG,21,25,13,59
35,ROEL,10,14,4,28
36,VCP,11,11,2,24
,Totalen12556,12149,6911,31616
,45062 - Kanton Horebeke
,
PartijNummer,Partijen,Horebeke,Zwalm,Totalen
2,Groen,157,468,625,
3,Vlaams Belang,38,190,228,
7,OpenVld,435,1603,2038,
12,sp.a,116,733,849,
13,N-VA,422,1626,2048,
15,CD&V,215,855,1070,
17,PVDA+,20,103,123,
29,R.O.S.S.E.M.,3,9,12,
30,Piratenpartij,7,33,40,
31,SD&P,0,11,11,
33,GENOEG,1,13,14,
35,ROEL,0,6,6,
36,VCP,3,4,7,
,Totalen1417,5654,7071,
,43007 - Kanton Kaprijke
,
PartijNummer,Partijen,Kaprijke,Totalen
2,Groen,351,351
3,Vlaams Belang,206,206
7,OpenVld,714,714
12,sp.a,381,381
13,N-VA,1367,1367
15,CD&V,1176,1176
17,PVDA+,119,119
29,R.O.S.S.E.M.,8,8
30,Piratenpartij,26,26
31,SD&P,3,3
33,GENOEG,12,12
35,ROEL,2,2
36,VCP,6,6
,Totalen4371,4371
,45017 - Kanton Kruishoutem
,
PartijNummer,Partijen,Kruishoutem,Zingem,Totalen
2,Groen,329,447,776,
3,Vlaams Belang,227,191,418,
7,OpenVld,967,1180,2147,
12,sp.a,369,459,828,
13,N-VA,1656,1461,3117,
15,CD&V,2097,1326,3423,
17,PVDA+,55,75,130,
29,R.O.S.S.E.M.,6,13,19,
30,Piratenpartij,31,28,59,
31,SD&P,6,6,12,
33,GENOEG,9,5,14,
35,ROEL,5,11,16,
36,VCP,4,5,9,
,Totalen5761,5207,10968,
,44034 - Kanton Lochristi
,
PartijNummer,Partijen,Lochristi,Moerbeke,Wachtebeke,Totalen
2,Groen,1075,326,286,1687
3,Vlaams Belang,746,233,313,1292
7,OpenVld,3979,1133,792,5904
12,sp.a,1340,467,846,2653
13,N-VA,4765,1255,1347,7367
15,CD&V,3011,621,941,4573
17,PVDA+,280,174,266,720
29,R.O.S.S.E.M.,33,8,12,53
30,Piratenpartij,90,40,32,162
31,SD&P,6,1,1,8
33,GENOEG,27,21,15,63
35,ROEL,10,4,5,19
36,VCP,9,1,3,13
,Totalen15371,4284,4859,24514
,46014 - Kanton Lokeren
,
PartijNummer,Partijen,Lokeren,Totalen
2,Groen,2719,2719
3,Vlaams Belang,1634,1634
7,OpenVld,4684,4684
12,sp.a,3524,3524
13,N-VA,7556,7556
15,CD&V,5091,5091
17,PVDA+,618,618
29,R.O.S.S.E.M.,89,89
30,Piratenpartij,196,196
31,SD&P,21,21
33,GENOEG,67,67
35,ROEL,32,32
36,VCP,19,19
,Totalen26250,26250
,44043 - Kanton Merelbeke
,
PartijNummer,Partijen,Gavere,Melle,Merelbeke,Oosterzele,Totalen
2,Groen,714,958,2151,959,4782,
3,Vlaams Belang,359,309,666,327,1661,
7,OpenVld,2143,1293,3340,2036,8812,
12,sp.a,1144,996,2088,935,5163,
13,N-VA,2728,2421,4647,2527,12323,
15,CD&V,1474,1434,2928,2514,8350,
17,PVDA+,137,173,373,150,833,
29,R.O.S.S.E.M.,20,22,25,27,94,
30,Piratenpartij,51,62,119,61,293,
31,SD&P,8,11,4,6,29,
33,GENOEG,28,33,32,17,110,
35,ROEL,10,5,12,4,31,
36,VCP,9,14,15,5,43,
,Totalen8825,7731,16400,9568,42524,
,44048 - Kanton Nazareth
,
PartijNummer,Partijen,de Pinte,Nazareth,Sint-Martens-Latem,Totalen
2,Groen,863,629,443,1935
3,Vlaams Belang,185,267,133,585
7,OpenVld,1627,1708,1951,5286
12,sp.a,694,911,347,1952
13,N-VA,2263,2427,2312,7002
15,CD&V,1682,1880,775,4337
17,PVDA+,124,135,56,315
29,R.O.S.S.E.M.,11,22,6,39
30,Piratenpartij,50,66,31,147
31,SD&P,1,3,1,5
33,GENOEG,10,15,6,31
35,ROEL,0,7,3,10
36,VCP,6,16,6,28
,Totalen7516,8086,6070,21672
,44049 - Kanton Nevele
,
PartijNummer,Partijen,Aalter,Nevele,Totalen
2,Groen,1460,773,2233,
3,Vlaams Belang,518,381,899,
7,OpenVld,1902,1471,3373,
12,sp.a,1273,930,2203,
13,N-VA,4061,2408,6469,
15,CD&V,4344,2122,6466,
17,PVDA+,199,129,328,
29,R.O.S.S.E.M.,45,16,61,
30,Piratenpartij,71,56,127,
31,SD&P,12,6,18,
33,GENOEG,28,11,39,
35,ROEL,9,3,12,
36,VCP,12,4,16,
,Totalen13934,8310,22244,
,41048 - Kanton Ninove
,
PartijNummer,Partijen,Denderleeuw,Ninove,Totalen
2,Groen,740,1606,2346,
3,Vlaams Belang,1401,6121,7522,
7,OpenVld,1478,4683,6161,
12,sp.a,2566,3274,5840,
13,N-VA,4236,6331,10567,
15,CD&V,1789,3059,4848,
17,PVDA+,204,240,444,
29,R.O.S.S.E.M.,27,28,55,
30,Piratenpartij,58,112,170,
31,SD&P,53,36,89,
33,GENOEG,27,18,45,
35,ROEL,9,22,31,
36,VCP,11,24,35,
,Totalen12599,25554,38153,
,45035 - Kanton Oudenaarde
,
PartijNummer,Partijen,Maarkedal,Oudenaarde,Wortegem-Petegem,Totalen
2,Groen,533,2004,547,3084
3,Vlaams Belang,185,704,178,1067
7,OpenVld,1523,5085,1448,8056
12,sp.a,624,2129,565,3318
13,N-VA,1339,5430,1506,8275
15,CD&V,884,4108,972,5964
17,PVDA+,75,242,48,365
29,R.O.S.S.E.M.,7,33,7,47
30,Piratenpartij,34,96,27,157
31,SD&P,5,9,0,14
33,GENOEG,8,38,17,63
35,ROEL,3,21,3,27
36,VCP,0,21,8,29
,Totalen5220,19920,5326,30466
,45041 - Kanton Ronse
,
PartijNummer,Partijen,Kluisbergen,Ronse,Totalen
2,Groen,333,1035,1368,
3,Vlaams Belang,193,804,997,
7,OpenVld,877,2433,3310,
12,sp.a,634,3721,4355,
13,N-VA,1191,3591,4782,
15,CD&V,920,2632,3552,
17,PVDA+,60,299,359,
29,R.O.S.S.E.M.,15,28,43,
30,Piratenpartij,24,85,109,
31,SD&P,3,20,23,
33,GENOEG,11,106,117,
35,ROEL,4,20,24,
36,VCP,2,16,18,
,Totalen4267,14790,19057,
,46020 - Kanton Sint-Gillis-Waas
,
PartijNummer,Partijen,Sint-Gillis-Waas,Stekene,Totalen
2,Groen,1078,895,1973,
3,Vlaams Belang,946,943,1889,
7,OpenVld,1347,1300,2647,
12,sp.a,1224,1369,2593,
13,N-VA,4871,4740,9611,
15,CD&V,3044,2283,5327,
17,PVDA+,248,271,519,
29,R.O.S.S.E.M.,25,37,62,
30,Piratenpartij,90,80,170,
31,SD&P,11,6,17,
33,GENOEG,37,35,72,
35,ROEL,20,15,35,
36,VCP,7,16,23,
,Totalen12948,11990,24938,
,46021 - Kanton Sint-Niklaas
,
PartijNummer,Partijen,Sint-Niklaas,Totalen
2,Groen,4698,4698
3,Vlaams Belang,3705,3705
7,OpenVld,4793,4793
12,sp.a,6861,6861
13,N-VA,16538,16538
15,CD&V,8555,8555
17,PVDA+,1277,1277
29,R.O.S.S.E.M.,105,105
30,Piratenpartij,387,387
31,SD&P,38,38
33,GENOEG,129,129
35,ROEL,64,64
36,VCP,46,46
,Totalen47196,47196
,46025 - Kanton Temse
,
PartijNummer,Partijen,Kruibeke,Temse,Totalen
2,Groen,1020,1449,2469,
3,Vlaams Belang,741,1600,2341,
7,OpenVld,1087,2195,3282,
12,sp.a,1421,2624,4045,
13,N-VA,4164,6971,11135,
15,CD&V,2271,3527,5798,
17,PVDA+,215,440,655,
29,R.O.S.S.E.M.,20,37,57,
30,Piratenpartij,65,136,201,
31,SD&P,10,17,27,
33,GENOEG,33,43,76,
35,ROEL,7,21,28,
36,VCP,1,14,15,
,Totalen11055,19074,30129,
,44072 - Kanton Waarschoot
,
PartijNummer,Partijen,Waarschoot,Totalen
2,Groen,475,475
3,Vlaams Belang,251,251
7,OpenVld,943,943
12,sp.a,914,914
13,N-VA,1425,1425
15,CD&V,1311,1311
17,PVDA+,112,112
29,R.O.S.S.E.M.,12,12
30,Piratenpartij,32,32
31,SD&P,6,6
33,GENOEG,10,10
35,ROEL,5,5
36,VCP,2,2
,Totalen5498,5498
,42025 - Kanton Wetteren
,
PartijNummer,Partijen,Laarne,Wetteren,Wichelen,Totalen
2,Groen,625,1444,533,2602
3,Vlaams Belang,387,1031,525,1943
7,OpenVld,1938,3323,1892,7153
12,sp.a,916,2316,901,4133
13,N-VA,3051,5612,2770,11433
15,CD&V,1667,2878,1253,5798
17,PVDA+,136,269,113,518
29,R.O.S.S.E.M.,19,31,14,64
30,Piratenpartij,56,92,44,192
31,SD&P,6,24,13,43
33,GENOEG,18,32,11,61
35,ROEL,4,44,9,57
36,VCP,4,18,15,37
,Totalen8827,17114,8093,34034
,42028 - Kanton Zele
,
PartijNummer,Partijen,Berlare,Zele,Totalen
2,Groen,502,813,1315,
3,Vlaams Belang,586,865,1451,
7,OpenVld,2621,2392,5013,
12,sp.a,1057,1841,2898,
13,N-VA,3377,4287,7664,
15,CD&V,1678,2852,4530,
17,PVDA+,132,194,326,
29,R.O.S.S.E.M.,32,29,61,
30,Piratenpartij,43,70,113,
31,SD&P,15,15,30,
33,GENOEG,23,25,48,
35,ROEL,18,13,31,
36,VCP,7,5,12,
,Totalen10091,13401,23492,
,44080 - Kanton Zomergem
,
PartijNummer,Partijen,Knesselare,Lovendegem,Zomergem,Totalen
2,Groen,505,636,444,1585
3,Vlaams Belang,299,460,242,1001
7,OpenVld,851,1258,1016,3125
12,sp.a,594,737,607,1938
13,N-VA,1759,2114,1671,5544
15,CD&V,1284,1400,1693,4377
17,PVDA+,75,117,91,283
29,R.O.S.S.E.M.,22,9,13,44
30,Piratenpartij,36,44,43,123
31,SD&P,11,8,1,20
33,GENOEG,14,7,14,35
35,ROEL,8,6,8,22
36,VCP,6,6,9,21
,Totalen5464,6802,5852,18118
,41081 - Kanton Zottegem
,
PartijNummer,Partijen,Zottegem,Totalen
2,Groen,1235,1235
3,Vlaams Belang,655,655
7,OpenVld,2841,2841
12,sp.a,3705,3705
13,N-VA,5943,5943
15,CD&V,3360,3360
17,PVDA+,270,270
29,R.O.S.S.E.M.,35,35
30,Piratenpartij,98,98
31,SD&P,17,17
33,GENOEG,26,26
35,ROEL,19,19
36,VCP,10,10
,Totalen18214,18214
,24001 - Kanton Aarschot
,
PartijNummer,Partijen,Aarschot,Begijnendijk,Tielt-Winge,Totalen
2,Groen,1576,493,526,2595
3,Vlaams Belang,1329,442,406,2177
7,OpenVld,4043,1225,1614,6882
11,U F,18,3,12,33
12,sp.a,2863,884,1005,4752
13,N-VA,5986,2365,2246,10597
15,CD&V,3884,1381,1339,6604
17,PVDA+,425,156,139,720
29,VCP,29,13,7,49
30,R.O.S.S.E.M.,70,20,26,116
33,ROEL,34,12,4,50
34,GENOEG,57,12,14,83
35,Piratenpartij,163,55,56,274
,Totalen20477,7061,7394,34932
,23002 - Kanton Asse
,
PartijNummer,Partijen,Affligem,Asse,Dilbeek,Liedekerke,Merchtem,Opwijk,Ternat,Totalen
2,Groen,449,1532,2152,335,765,690,753,6676
3,Vlaams Belang,416,846,925,523,359,350,509,3928
7,OpenVld,2091,4562,6325,1380,3661,2720,2348,23087
11,U F,33,453,2004,26,95,12,59,2682
12,sp.a,567,1968,2278,1495,629,658,887,8482
13,N-VA,3233,6137,7162,3027,3277,3321,3694,29851
15,CD&V,1946,3196,3868,1567,1922,1619,1996,16114
17,PVDA+,106,283,310,83,96,90,103,1071
29,VCP,8,19,18,3,9,7,8,72
30,R.O.S.S.E.M.,10,35,24,18,13,4,12,116
33,ROEL,6,17,18,5,5,4,5,60
34,GENOEG,14,46,46,10,15,19,18,168
35,Piratenpartij,51,108,170,43,72,65,68,577
,Totalen8930,19202,25300,8515,10918,9559,10460,92884
,24020 - Kanton Diest
,
PartijNummer,Partijen,Bekkevoort,Diest,Kortenaken,Scherpenheuvel-Zichem,Totalen
2,Groen,213,1235,275,890,2613,
3,Vlaams Belang,230,846,253,1186,2515,
7,OpenVld,763,2808,1207,2738,7516,
11,U F,5,27,7,17,56,
12,sp.a,562,2738,723,2452,6475,
13,N-VA,1305,5037,1669,5143,13154,
15,CD&V,995,2688,1306,2668,7657,
17,PVDA+,64,336,78,307,785,
29,VCP,4,15,7,24,50,
30,R.O.S.S.E.M.,15,27,17,60,119,
33,ROEL,5,19,6,32,62,
34,GENOEG,12,27,11,39,89,
35,Piratenpartij,31,141,28,153,353,
,Totalen4204,15944,5587,15709,41444,
,24137 - Kanton Glabbeek
,
PartijNummer,Partijen,Glabbeek,Lubbeek,Totalen
2,Groen,271,1055,1326,
3,Vlaams Belang,138,318,456,
7,OpenVld,635,1845,2480,
11,U F,0,11,11,
12,sp.a,539,1010,1549,
13,N-VA,1129,3322,4451,
15,CD&V,880,2063,2943,
17,PVDA+,66,168,234,
29,VCP,4,14,18,
30,R.O.S.S.E.M.,9,11,20,
33,ROEL,4,2,6,
34,GENOEG,7,23,30,
35,Piratenpartij,16,76,92,
,Totalen3698,9918,13616,
,24033 - Kanton Haacht
,
PartijNummer,Partijen,Boortmeerbeek,Haacht,Holsbeek,Keerbergen,Rotselaar,Tremelo,Totalen
2,Groen,672,1166,788,606,1233,688,5153,
3,Vlaams Belang,348,399,251,344,373,634,2349,
7,OpenVld,1681,1792,1264,2053,1740,2198,10728,
11,U F,12,10,3,25,9,2,61,
12,sp.a,932,1215,815,730,1339,1112,6143,
13,N-VA,3004,3099,1969,3319,3440,3375,18206,
15,CD&V,1228,1580,1436,1341,2629,1674,9888,
17,PVDA+,124,176,142,101,226,204,973,
29,VCP,6,18,12,11,12,12,71,
30,R.O.S.S.E.M.,24,28,12,13,29,34,140,
33,ROEL,2,16,3,5,15,7,48,
34,GENOEG,19,24,8,15,22,25,113,
35,Piratenpartij,58,86,50,51,85,68,398,
,Totalen8110,9609,6753,8614,11152,10033,54271,
,23027 - Kanton Halle
,
PartijNummer,Partijen,Beersel,Halle,Pepingen,Sint-Pieters-Leeuw,Totalen
2,Groen,1321,2137,206,1262,4926,
3,Vlaams Belang,485,1130,91,948,2654,
7,OpenVld,2447,3896,778,2998,10119,
11,U F,2287,564,30,2712,5593,
12,sp.a,1273,3380,185,2200,7038,
13,N-VA,4383,7740,982,4943,18048,
15,CD&V,2248,3406,660,2755,9069,
17,PVDA+,209,435,33,255,932,
29,VCP,26,48,6,33,113,
30,R.O.S.S.E.M.,7,60,3,18,88,
33,ROEL,13,28,1,24,66,
34,GENOEG,27,68,4,43,142,
35,Piratenpartij,124,180,19,161,484,
,Totalen14850,23072,2998,18352,59272,
,24059 - Kanton Landen
,
PartijNummer,Partijen,Landen,Totalen
2,Groen,664,664
3,Vlaams Belang,548,548
7,OpenVld,1937,1937
11,U F,58,58
12,sp.a,2649,2649
13,N-VA,2550,2550
15,CD&V,1784,1784
17,PVDA+,261,261
29,VCP,23,23
30,R.O.S.S.E.M.,27,27
33,ROEL,25,25
34,GENOEG,42,42
35,Piratenpartij,97,97
,Totalen10665,10665
,23104 - Kanton Lennik
,
PartijNummer,Partijen,Bever,Galmaarden,Gooik,Herne,Lennik,Roosdaal,Totalen
2,Groen,128,369,282,331,381,494,1985,
3,Vlaams Belang,50,328,312,179,453,453,1775,
7,OpenVld,344,948,962,868,1441,1117,5680,
11,U F,74,18,24,67,63,20,266,
12,sp.a,156,540,334,434,372,620,2456,
13,N-VA,314,2110,1988,1231,2163,3170,10976,
15,CD&V,328,1419,2525,1314,1196,1663,8445,
17,PVDA+,22,71,54,41,51,66,305,
29,VCP,3,14,13,30,6,9,75,
30,R.O.S.S.E.M.,1,8,9,6,4,6,34,
33,ROEL,1,2,3,0,5,5,16,
34,GENOEG,6,5,3,7,9,9,39,
35,Piratenpartij,14,41,33,42,35,42,207,
,Totalen1441,5873,6542,4550,6179,7674,32259,
,24062 - Kanton Leuven
,
PartijNummer,Partijen,Bertem,Bierbeek,Herent,Huldenberg,Kortenberg,Leuven,Oud-Heverlee,Tervuren,Totalen
2,Groen,621,766,2071,638,1241,11400,1064,1182,18983,
3,Vlaams Belang,211,162,478,180,538,1739,203,257,3768,
7,OpenVld,1389,1088,1964,1739,2284,7341,1251,2438,19494,
11,U F,21,11,26,132,272,57,14,1256,1789,
12,sp.a,755,813,1710,528,1112,10223,838,846,16825,
13,N-VA,1938,1992,4477,1758,3894,14363,2418,2901,33741,
15,CD&V,1178,1465,2657,997,2416,10395,1547,1735,22390,
17,PVDA+,104,110,320,95,227,2169,136,173,3334,
29,VCP,14,21,43,5,19,103,15,14,234,
30,R.O.S.S.E.M.,4,12,29,9,18,73,11,14,170,
33,ROEL,7,6,14,2,20,53,4,7,113,
34,GENOEG,9,18,36,15,25,101,11,17,232,
35,Piratenpartij,53,65,96,42,94,588,58,103,1099,
,Totalen6304,6529,13921,6140,12160,58605,7570,10943,122172,
,23050 - Kanton Meise
,
PartijNummer,Partijen,Grimbergen,Kapelle-op-den-Bos,Londerzeel,Meise,Totalen
2,Groen,2228,511,894,970,4603,
3,Vlaams Belang,1606,365,726,488,3185,
7,OpenVld,4554,803,1996,3070,10423,
11,U F,1499,20,29,558,2106,
12,sp.a,2293,1085,1233,1095,5706,
13,N-VA,5873,2570,4940,4109,17492,
15,CD&V,3104,1142,2575,1851,8672,
17,PVDA+,355,88,118,126,687,
29,VCP,18,11,19,10,58,
30,R.O.S.S.E.M.,38,10,29,22,99,
33,ROEL,17,3,10,7,37,
34,GENOEG,47,8,11,17,83,
35,Piratenpartij,197,43,102,116,458,
,Totalen21829,6659,12682,12439,53609,
,23101 - Kanton Sint-Genesius-Rode
,
PartijNummer,Partijen,Drogenbos,Kraainem,Linkebeek,Sint-Genesius-Rode,Wemmel,Wezembeek-Oppem,Totalen
2,Groen,246,547,331,789,835,685,3433,
3,Vlaams Belang,49,58,35,154,235,88,619,
7,OpenVld,225,923,221,1344,1774,1047,5534,
11,U F,1066,2949,1520,4006,2244,3058,14843,
12,sp.a,218,306,126,527,733,363,2273,
13,N-VA,201,453,204,1502,1567,676,4603,
15,CD&V,230,520,172,976,920,604,3422,
17,PVDA+,38,27,20,62,113,47,307,
29,VCP,3,3,3,20,18,4,51,
30,R.O.S.S.E.M.,3,8,0,10,10,4,35,
33,ROEL,3,2,2,9,11,2,29,
34,GENOEG,5,3,7,15,22,7,59,
35,Piratenpartij,41,43,30,99,105,78,396,
,Totalen2328,5842,2671,9513,8587,6663,35604,
,24107 - Kanton Tienen
,
PartijNummer,Partijen,Boutersem,Hoegaarden,Tienen,Totalen
2,Groen,580,502,1816,2898
3,Vlaams Belang,197,155,1349,1701
7,OpenVld,869,921,4064,5854
11,U F,9,27,61,97
12,sp.a,1032,659,4433,6124
13,N-VA,1569,1253,6161,8983
15,CD&V,918,894,3300,5112
17,PVDA+,123,92,477,692
29,VCP,8,2,54,64
30,R.O.S.S.E.M.,9,20,85,114
33,ROEL,2,7,48,57
34,GENOEG,4,8,64,76
35,Piratenpartij,31,40,133,204
,Totalen5351,4580,22045,31976
,23088 - Kanton Vilvoorde
,
PartijNummer,Partijen,Kampenhout,Machelen,Vilvoorde,Zemst,Totalen
2,Groen,612,680,1884,1352,4528,
3,Vlaams Belang,353,344,1118,867,2682,
7,OpenVld,2028,1287,4160,2298,9773,
11,U F,56,370,1669,61,2156,
12,sp.a,559,1754,4791,1597,8701,
13,N-VA,2529,1877,4959,5908,15273,
15,CD&V,1311,1101,2422,2705,7539,
17,PVDA+,93,171,580,248,1092,
29,VCP,6,7,27,14,54,
30,R.O.S.S.E.M.,21,14,49,27,111,
33,ROEL,3,14,23,15,55,
34,GENOEG,17,22,54,24,117,
35,Piratenpartij,51,65,212,125,453,
,Totalen7639,7706,21948,15241,52534,
,23094 - Kanton Zaventem
,
PartijNummer,Partijen,Hoeilaart,Overijse,Steenokkerzeel,Zaventem,Totalen
2,Groen,631,1146,514,1466,3757,
3,Vlaams Belang,122,372,411,500,1405,
7,OpenVld,2024,3759,1535,3647,10965,
11,U F,541,1826,149,2456,4972,
12,sp.a,373,800,750,1738,3661,
13,N-VA,1290,3491,2976,3875,11632,
15,CD&V,798,1680,1022,2180,5680,
17,PVDA+,97,126,89,284,596,
29,VCP,13,20,8,18,59,
30,R.O.S.S.E.M.,8,15,15,25,63,
33,ROEL,1,5,6,15,27,
34,GENOEG,10,24,9,41,84,
35,Piratenpartij,64,117,63,162,406,
,Totalen5972,13381,7547,16407,43307,
,24130 - Kanton Zoutleeuw
,
PartijNummer,Partijen,Geetbets,Linter,Zoutleeuw,Totalen
2,Groen,156,286,257,699
3,Vlaams Belang,217,253,298,768
7,OpenVld,904,871,1119,2894
11,U F,0,3,3,6
12,sp.a,692,667,914,2273
13,N-VA,1257,1488,1838,4583
15,CD&V,786,1348,1215,3349
17,PVDA+,63,72,90,225
29,VCP,5,3,8,16
30,R.O.S.S.E.M.,13,13,22,48
33,ROEL,5,10,10,25
34,GENOEG,12,16,13,41
35,Piratenpartij,21,25,28,74
,Totalen4131,5055,5815,15001
